CityName,Date,No_of_complain_received,No_of_complain_disposed,No_of_complain_pending
Surat,25/06/2017,1,157,1146
Surat,06/07/2017,0,665,1146
Surat,09/07/2017,0,98,1146
Surat,12/07/2017,1,492,1147
Surat,14/07/2017,0,572,1148
Surat,22/07/2017,1,270,1150
Surat,28/07/2017,2,524,1158
Surat,03/08/2017,1,721,1166
Surat,06/08/2017,0,162,1166
Surat,09/08/2017,1,733,1168
Surat,10/08/2017,1,698,1169
Surat,12/08/2017,0,404,1169
Surat,15/08/2017,0,163,1172
Surat,19/08/2017,1,603,1177
Surat,22/08/2017,4,758,1188
Surat,23/08/2017,3,605,1191
Surat,25/08/2017,0,134,1193
Surat,26/08/2017,5,259,1198
Surat,31/08/2017,7,481,1226
Surat,01/09/2017,6,697,1232
Surat,05/09/2017,7,177,1263
Surat,11/09/2017,52,895,1428
Surat,26/09/2017,88,795,1696
Surat,05/10/2017,45,506,1600
Surat,06/10/2017,81,486,1647
Surat,11/10/2017,85,866,1597
Surat,27/10/2017,37,373,1547
Surat,31/10/2017,36,168,1536
Surat,03/11/2017,31,559,1462
Surat,05/11/2017,19,97,1491
Surat,14/11/2017,29,638,1427
Surat,18/11/2017,24,405,1376
Surat,20/11/2017,30,514,1391
Surat,22/11/2017,19,439,1315
Surat,27/11/2017,41,448,1381
Surat,06/12/2017,37,414,1383
Surat,17/12/2017,18,170,1387
Surat,26/12/2017,54,574,1490
Surat,29/12/2017,32,380,1422
Surat,08/01/2018,60,452,1452
Surat,12/01/2018,48,343,1488
Surat,15/01/2018,35,411,1492
Surat,30/01/2018,36,541,1493
Surat,06/02/2018,42,434,1536
Surat,13/02/2018,19,226,1482
Surat,21/02/2018,28,434,1386
Surat,23/02/2018,47,320,1436
Surat,24/02/2018,23,326,1422
Surat,26/02/2018,39,740,1404
Surat,03/03/2018,18,463,1324
Surat,05/03/2018,37,645,1350
Surat,06/03/2018,39,501,1338
Surat,16/03/2018,22,404,1304
Surat,19/03/2018,36,571,1340
Surat,29/03/2018,26,173,1364
Surat,30/03/2018,27,204,1370
Surat,31/03/2018,57,370,1410
Surat,07/04/2018,38,297,1409
Surat,08/04/2018,25,138,1431
Surat,15/04/2018,15,165,1384
Surat,22/04/2018,23,99,1353
Surat,04/05/2018,51,297,1426
Surat,21/05/2018,54,578,1475
Surat,23/05/2018,55,511,1473
Surat,03/06/2018,55,186,1502
Surat,07/06/2018,36,433,1472
Surat,14/06/2018,48,440,1453
Surat,21/06/2018,29,530,1447
Surat,22/06/2018,40,532,1464
Surat,09/07/2018,49,1139,1575
Surat,11/07/2018,57,926,1518
Surat,17/07/2018,29,1314,1458
Surat,18/07/2018,57,1015,1453
Surat,19/07/2018,38,712,1479
Surat,24/07/2018,60,1373,1548
Surat,29/07/2018,15,261,1439
Surat,05/08/2018,35,220,1592
Surat,10/08/2018,87,523,1751
Surat,11/08/2018,59,447,1765
Surat,25/08/2018,35,413,1580
Surat,02/09/2018,40,158,1649
Surat,10/09/2018,48,540,1568
Surat,21/09/2018,18,247,1539
Surat,01/10/2018,55,743,1618
Surat,02/10/2018,27,248,1539
Surat,04/10/2018,46,480,1475
Surat,05/10/2018,54,542,1493
Surat,17/10/2018,50,568,1477
Surat,21/10/2018,19,215,1520
Surat,24/10/2018,47,747,1476
Surat,29/10/2018,43,653,1428
Surat,03/11/2018,83,553,1728
Surat,13/11/2018,36,520,1436
Surat,14/11/2018,23,512,1447
Surat,16/11/2018,54,421,1499
Surat,19/11/2018,59,510,1545
Surat,20/11/2018,45,351,1513
Surat,25/11/2018,24,98,1434
Surat,26/11/2018,40,455,1448
Surat,29/11/2018,30,379,1418
Surat,08/12/2018,50,346,1485
Surat,11/12/2018,61,457,1519
Surat,14/12/2018,98,405,1632
Surat,08/01/2019,75,484,1731
Surat,21/01/2019,93,487,1753
Surat,31/01/2019,45,355,1485
Surat,01/02/2019,47,328,1475
Surat,12/02/2019,67,405,1548
Surat,14/02/2019,45,342,1518
Surat,15/02/2019,32,280,1521
Surat,20/02/2019,48,379,1544
Surat,22/02/2019,64,360,1589
Surat,23/02/2019,41,254,1592
Surat,02/03/2019,51,259,1502
Surat,03/03/2019,19,86,1514
Surat,06/03/2019,51,449,1430
Surat,08/03/2019,37,285,1440
Surat,09/03/2019,24,289,1436
Surat,10/03/2019,29,93,1447
Surat,12/03/2019,57,429,1461
Surat,17/03/2019,19,108,1402
Surat,21/03/2019,7,98,1254
Surat,24/03/2019,7,111,1264
Surat,29/03/2019,30,377,1235
Surat,02/04/2019,22,544,1251
Surat,04/04/2019,17,364,1231
Surat,07/04/2019,7,76,1246
Surat,09/04/2019,28,474,1251
Surat,13/04/2019,9,228,1258
Surat,18/04/2019,73,435,1371
Surat,25/04/2019,24,571,1244
Surat,30/04/2019,19,579,1251
Surat,11/05/2019,21,293,1248
Surat,18/05/2019,39,332,1390
Surat,26/05/2019,41,126,1460
Surat,30/05/2019,63,421,1509
Surat,31/05/2019,59,393,1517
Surat,03/06/2019,61,690,1543
Surat,04/06/2019,83,600,1553
Surat,07/06/2019,50,505,1464
Surat,24/06/2019,134,791,1447
Surat,29/06/2019,29,717,1442
Surat,30/06/2019,15,203,1417
Surat,01/07/2019,50,904,1449
Surat,06/07/2019,38,727,1348
Surat,19/07/2019,32,472,1327
Surat,24/07/2019,25,726,1286
Surat,03/08/2019,29,548,1310
Surat,10/08/2019,31,508,1362
Surat,25/08/2019,14,228,1274
Surat,31/08/2019,33,515,1389
Surat,01/09/2019,21,229,1390
Surat,05/09/2019,46,717,1459
Surat,09/09/2019,87,760,1505
Surat,14/09/2019,36,866,1352
Surat,15/09/2019,27,249,1359
Surat,07/10/2019,65,659,1500
Surat,08/10/2019,29,302,1476
Surat,18/10/2019,61,574,1485
Surat,20/10/2019,26,237,1521
Surat,22/10/2019,83,605,1657
Surat,25/10/2019,53,480,1817
Surat,02/11/2019,33,402,1498
Surat,04/11/2019,63,423,1520
Surat,09/11/2019,25,386,1435
Surat,10/11/2019,15,185,1414
Surat,11/11/2019,37,558,1421
Surat,18/11/2019,29,542,1400
Surat,22/11/2019,45,404,1401
Surat,29/11/2019,29,365,1433
Surat,14/12/2019,40,338,1727
Surat,15/12/2019,25,129,1703
Surat,26/12/2019,53,424,1595
Surat,01/01/2020,29,464,1451
Surat,09/01/2020,49,391,1465
Surat,15/01/2020,29,464,1431
Surat,18/01/2020,70,366,1528
Surat,19/01/2020,31,131,1541
Surat,27/01/2020,48,518,1510
Surat,29/01/2020,64,477,1513
Surat,30/01/2020,78,351,1558
Surat,06/02/2020,39,395,1463
Surat,07/02/2020,44,388,1496
Surat,08/02/2020,22,360,1493
Surat,13/02/2020,73,353,1600
Surat,14/02/2020,70,351,1626
Surat,16/02/2020,57,136,1712
Surat,18/02/2020,85,477,1860
Surat,19/02/2020,65,501,1754
Surat,05/03/2020,141,446,1794
Surat,14/03/2020,60,404,1804
Surat,16/03/2020,76,634,1795
Surat,26/03/2020,27,536,1830
Surat,27/03/2020,37,626,1851
Surat,01/04/2020,15,547,1859
Surat,08/04/2020,16,365,1875
Surat,14/04/2020,15,304,1923
Surat,22/04/2020,26,294,1990
Surat,29/04/2020,34,310,2034
Surat,02/05/2020,14,268,2043
Surat,03/05/2020,22,175,2058
Surat,08/05/2020,15,245,2047
Surat,09/05/2020,20,268,2059
Surat,29/05/2020,59,328,2039
Surat,08/06/2020,64,732,1945
Surat,09/06/2020,94,663,1979
Surat,12/06/2020,90,627,2069
Surat,14/06/2020,59,251,2070
Surat,26/06/2020,81,409,2320
Surat,30/06/2020,85,433,2346
Surat,05/07/2020,76,154,2502
Surat,06/07/2020,119,493,2532
Surat,13/07/2020,97,537,2771
Surat,15/07/2020,109,699,2778
Surat,19/07/2020,54,282,2915
Surat,20/07/2020,120,566,2961
Surat,24/07/2020,106,419,3046
Surat,26/07/2020,94,280,3114
Surat,01/08/2020,34,366,3163
Surat,06/08/2020,88,359,3346
Surat,13/08/2020,123,332,3241
Surat,06/09/2020,122,315,3835
Surat,07/09/2020,190,707,3943
Surat,14/09/2020,225,554,4153
Surat,16/09/2020,147,501,3920
Surat,18/09/2020,129,528,3989
Surat,23/09/2020,147,452,4072
Surat,24/09/2020,123,500,4106
Surat,29/09/2020,134,494,4051
Surat,30/09/2020,178,396,4140
Surat,03/10/2020,155,526,4076
Surat,07/10/2020,187,496,4318
Surat,09/10/2020,144,539,4185
Surat,11/10/2020,98,214,4115
Surat,14/10/2020,101,458,4180
Surat,22/10/2020,144,392,4414
Surat,24/10/2020,159,302,4571
Surat,25/10/2020,98,119,4648
Surat,29/10/2020,126,373,4701
Surat,03/11/2020,223,470,4778
Surat,09/11/2020,145,607,4795
Surat,14/11/2020,45,302,4773
Surat,20/11/2020,112,387,4721
Surat,26/11/2020,109,326,4925
Surat,03/12/2020,102,523,4929
Surat,04/12/2020,97,354,4901
Surat,18/12/2020,87,534,4702
Surat,20/12/2020,65,188,4857
Surat,22/12/2020,125,503,5005
Surat,01/01/2021,171,389,5186
Surat,09/01/2021,99,321,5471
Surat,10/01/2021,94,134,5434
Surat,11/01/2021,182,503,5550
Surat,15/01/2021,109,425,5549
Surat,16/01/2021,106,503,5568
Surat,19/01/2021,140,581,5828
Surat,01/02/2021,123,493,5417
Surat,16/02/2021,138,671,3396
Surat,23/02/2021,55,543,2572
Surat,06/03/2021,138,739,2355
Surat,15/03/2021,79,769,2423
Surat,24/03/2021,160,671,2945
Surat,29/03/2021,41,239,2727
Surat,13/04/2021,80,478,3259
Surat,15/04/2021,77,294,3234
Surat,17/04/2021,110,565,3326
Surat,29/04/2021,130,589,4072
Surat,30/04/2021,110,485,4067
Surat,05/05/2021,71,523,3897
Surat,08/05/2021,68,517,3888
Surat,13/05/2021,118,592,4049
Surat,14/05/2021,66,361,3922
Surat,16/05/2021,113,324,4021
Surat,18/05/2021,554,393,4283
Surat,20/05/2021,227,823,4389
Surat,21/05/2021,175,907,4359
Surat,25/05/2021,190,920,4525
Surat,28/05/2021,125,703,4597
Surat,29/05/2021,139,562,4629
Surat,05/06/2021,161,555,4386
Surat,09/06/2021,203,658,4524
Surat,14/06/2021,135,661,3999
Surat,16/06/2021,144,673,3896
Surat,29/06/2021,167,669,4225
Surat,30/06/2021,172,575,4311
Surat,06/07/2021,224,640,4569
Surat,10/07/2021,174,471,4507
Surat,11/07/2021,126,200,4469
Surat,21/07/2021,148,506,4777
Surat,07/08/2021,112,584,4366
Surat,11/08/2021,150,702,4422
Surat,13/08/2021,113,493,3981
Surat,16/08/2021,108,474,3885
Surat,21/08/2021,139,717,3485
Surat,31/08/2021,110,711,3501
Surat,01/09/2021,135,688,3481
Surat,05/09/2021,126,219,3884
Surat,09/09/2021,205,684,3966
Surat,22/09/2021,135,957,3861
Surat,24/09/2021,159,698,3644
Surat,05/10/2021,196,968,4109
Surat,12/10/2021,220,949,4558
Surat,15/10/2021,101,339,4457
Surat,17/10/2021,108,311,4571
Surat,29/10/2021,127,534,4601
Surat,02/11/2021,142,588,5048
Surat,23/11/2021,174,734,5015
Surat,05/12/2021,78,253,4790
Surat,11/12/2021,130,443,5149
Surat,12/12/2021,108,195,5152
Surat,14/12/2021,144,519,5053
Surat,19/12/2021,81,187,5235
Surat,31/12/2021,192,521,5744
Surat,01/01/2022,163,544,5852
Surat,11/01/2022,211,603,6693
Surat,19/01/2022,185,629,6680
Surat,22/01/2022,186,527,6713
Surat,28/01/2022,157,621,6866
Surat,01/02/2022,232,770,6679
Surat,04/02/2022,158,611,6396
Surat,07/02/2022,178,932,6241
Surat,08/02/2022,259,602,6246
Surat,14/02/2022,161,887,6107
Surat,15/02/2022,119,600,6089
Surat,20/02/2022,112,261,6254
Surat,22/02/2022,189,703,6430
Surat,26/02/2022,130,514,6690
Surat,27/02/2022,99,236,6708
Surat,05/03/2022,183,651,6744
Surat,06/03/2022,107,223,6833
Surat,07/03/2022,260,743,6964
Surat,08/03/2022,220,786,7047
Surat,10/03/2022,178,758,7204
Surat,11/03/2022,190,800,7337
Surat,17/03/2022,202,631,7697
Surat,19/03/2022,236,941,7575
Surat,23/03/2022,214,745,7952
Surat,25/03/2022,345,739,8292
Surat,01/04/2022,163,661,8179
Surat,16/04/2022,172,420,8956
Surat,19/04/2022,216,767,9122
Surat,20/04/2022,237,785,9115
Surat,03/05/2022,95,545,8530
Surat,05/05/2022,229,564,8510
Surat,13/05/2022,153,604,8253
Surat,16/05/2022,157,627,7786
Surat,27/05/2022,250,758,7417
Surat,29/05/2022,111,289,7327
Surat,01/06/2022,156,722,6612
Surat,02/06/2022,147,688,6351
Surat,09/06/2022,244,700,6165
Surat,13/06/2022,194,987,6116
Surat,15/06/2022,123,812,5359
Surat,16/06/2022,234,721,5154
Surat,30/06/2022,158,750,4699
Surat,01/07/2022,173,830,4661
Surat,05/07/2022,178,1108,4469
Surat,15/07/2022,75,805,3016
Surat,16/07/2022,94,885,3027
Surat,21/07/2022,99,922,2966
Surat,26/07/2022,105,1007,3087
Surat,05/08/2022,130,724,3220
Surat,10/08/2022,193,1037,3509
Surat,16/08/2022,71,790,3365
Surat,29/08/2022,175,806,3548
Surat,31/08/2022,51,517,3213
Surat,01/09/2022,160,830,3316
Surat,02/09/2022,128,796,3425
Surat,04/09/2022,102,413,3570
Surat,06/09/2022,202,701,3623
Surat,10/09/2022,128,596,3555
Surat,15/09/2022,117,731,3600
Surat,17/09/2022,118,735,3723
Surat,25/09/2022,91,460,4020
Surat,30/09/2022,128,704,4108
Surat,09/10/2022,64,267,3980
Surat,11/10/2022,136,795,4016
Surat,13/10/2022,176,947,4028
Surat,15/10/2022,138,754,4103
Surat,17/10/2022,172,846,4284
Surat,07/11/2022,129,870,4318
Surat,09/11/2022,174,762,4291
Surat,12/11/2022,140,707,4123
Surat,15/11/2022,125,774,4126
Surat,16/11/2022,147,842,4086
Surat,20/11/2022,92,452,4292
Surat,22/11/2022,157,833,4431
Surat,30/11/2022,101,459,4441
Surat,02/12/2022,99,420,4030
Surat,07/12/2022,155,1436,4145
Surat,14/12/2022,140,652,4302
Surat,21/12/2022,281,763,4844
Surat,02/01/2023,219,892,4848
Surat,05/01/2023,221,807,5003
Surat,16/01/2023,183,949,4576
Surat,30/01/2023,196,964,4286
Surat,02/02/2023,269,862,4498
Surat,03/02/2023,173,746,4504
Surat,08/02/2023,194,970,4656
Surat,10/02/2023,173,776,4574
Surat,14/02/2023,167,775,4652
Surat,15/02/2023,195,656,4408
Surat,16/02/2023,193,921,4525
Surat,20/02/2023,201,1081,4717
Surat,26/02/2023,125,403,4710
Surat,04/03/2023,211,1107,4865
Surat,24/03/2023,206,958,4656
Surat,27/03/2023,210,960,4781
Surat,08/04/2023,135,549,5084
Surat,19/04/2023,281,961,4908
Surat,24/04/2023,184,1083,4987
Surat,03/05/2023,222,717,5427
Surat,09/05/2023,234,550,5460
Surat,10/05/2023,199,667,5386
Surat,18/05/2023,191,640,5055
Surat,23/05/2023,251,731,5381
Surat,26/05/2023,208,617,5478
Surat,08/06/2023,233,858,5304
Surat,15/06/2023,302,874,5884
Surat,18/06/2023,176,284,6064
Surat,27/06/2023,335,1014,6070
Surat,28/06/2023,310,962,5850
Surat,30/06/2023,256,1168,5770
Surat,06/07/2023,310,1367,5801
Surat,07/07/2023,252,1075,5735
Surat,14/07/2023,275,1160,5551
Surat,15/07/2023,217,1355,5522
Surat,18/07/2023,235,1258,5589
Surat,21/07/2023,278,1415,5765
Surat,23/07/2023,171,521,5923
Surat,24/07/2023,274,1168,5988
Surat,25/07/2023,316,1149,6119
Surat,27/07/2023,229,1068,6160
Surat,29/07/2023,162,662,5985
Surat,02/08/2023,356,956,6222
Surat,06/08/2023,137,477,6503
Surat,13/08/2023,166,395,6993
Surat,21/08/2023,237,976,6912
Surat,23/08/2023,235,798,6909
Surat,26/08/2023,186,636,6370
Surat,04/09/2023,321,818,6555
Surat,07/09/2023,184,298,6610
Surat,10/09/2023,159,243,6611
Surat,16/09/2023,307,778,7055
Surat,03/10/2023,254,1155,7315
Surat,08/10/2023,170,395,6989
Surat,17/10/2023,338,943,7697
Surat,20/10/2023,233,1063,7886
Surat,26/10/2023,266,840,7918
Surat,08/11/2023,286,937,7846
Surat,09/11/2023,302,821,7727
Surat,15/11/2023,61,396,7080
Surat,17/11/2023,88,897,5553
Surat,19/11/2023,39,264,5352
Surat,28/11/2023,227,769,4856
Surat,04/12/2023,206,863,4854
Surat,09/12/2023,177,628,5036
Surat,10/12/2023,120,268,4988
Surat,12/12/2023,266,982,5007
Surat,20/12/2023,227,741,5157
Surat,24/12/2023,120,306,4736
Surat,02/01/2024,169,901,4557
Surat,09/01/2024,257,705,4638
Surat,13/01/2024,107,722,4347
Surat,14/01/2024,66,214,4348
Surat,22/01/2024,103,613,4565
Surat,23/01/2024,223,770,4610
Surat,04/02/2024,153,275,5116
Surat,09/02/2024,200,719,5274
Surat,15/02/2024,218,773,5657
Surat,18/02/2024,168,250,5761
Surat,22/02/2024,187,488,5609
Surat,03/03/2024,160,258,5398
Surat,08/03/2024,146,338,5025
Surat,10/03/2024,116,272,4979
Surat,12/03/2024,177,856,4792
Surat,15/03/2024,233,955,4715
Surat,18/03/2024,301,1150,4981
Surat,22/03/2024,248,854,5515
Surat,01/04/2024,183,983,4751
Surat,16/04/2024,215,722,4748
Surat,18/04/2024,199,851,4672
Surat,27/04/2024,136,498,4967
Surat,28/04/2024,115,202,4903
Surat,06/05/2024,240,732,5766
Surat,14/05/2024,192,745,5611
Surat,15/05/2024,191,728,5560
Surat,19/05/2024,161,207,5783
Surat,27/05/2024,292,827,5744
Surat,29/05/2024,359,723,5981
Surat,31/05/2024,300,625,6221
Surat,01/06/2024,279,806,6291
Surat,08/06/2024,293,706,6537
Surat,09/06/2024,153,254,6473
Surat,11/06/2024,306,848,6996
Surat,14/06/2024,461,764,7461
Surat,15/06/2024,335,935,7487
Surat,16/06/2024,234,323,7537
Surat,22/06/2024,227,858,7470
Surat,27/06/2024,459,1088,8162
Surat,30/06/2024,304,384,8371
Surat,11/07/2024,401,1107,9563
Surat,12/07/2024,306,1138,9324
Surat,28/07/2024,189,651,7594
Surat,01/08/2024,292,1367,7791
Surat,08/08/2024,313,1014,8443
Surat,09/08/2024,435,1004,8855
Surat,13/08/2024,446,1024,9083
Surat,23/08/2024,393,1016,9219
Surat,25/08/2024,177,323,8942
Surat,13/09/2024,459,848,10739
Surat,18/09/2024,315,962,10184
Surat,19/09/2024,342,990,10240
Surat,09/10/2024,347,874,10204
Surat,14/10/2024,330,1098,9983
Surat,16/10/2024,360,1001,9962
Surat,17/10/2024,240,812,10015
Surat,30/10/2024,251,816,11140
Surat,07/11/2024,191,915,9827
Surat,12/11/2024,209,645,9837
Surat,19/11/2024,207,741,9510
Surat,26/11/2024,251,721,9143
Surat,01/12/2024,93,189,8309
Surat,04/12/2024,237,612,8248
Surat,22/12/2024,140,226,8525
Surat,24/12/2024,316,782,8881
Surat,27/12/2024,226,715,8911
Surat,01/01/2025,224,843,8617
Surat,18/01/2025,228,829,8698
Surat,20/01/2025,350,862,9076
Surat,23/01/2025,269,717,9372
Surat,31/01/2025,227,791,9457
Surat,03/02/2025,160,816,9084
Surat,05/02/2025,140,494,8892
Surat,06/02/2025,219,694,8912
Surat,08/02/2025,182,491,8829
Surat,10/02/2025,170,753,8744
Surat,11/02/2025,174,659,8588
Surat,13/02/2025,203,693,8535
Surat,19/02/2025,213,675,8976
Surat,22/02/2025,200,545,8917
Surat,01/03/2025,189,709,8868
Surat,09/03/2025,131,283,9010
Surat,11/03/2025,226,793,9066
Surat,14/03/2025,126,249,8665
Surat,23/03/2025,130,300,8663
Surat,08/04/2025,207,709,9040
Surat,16/04/2025,195,669,8890
Surat,20/04/2025,148,222,8755
Surat,24/04/2025,192,702,8901
Surat,27/04/2025,108,249,8375
Surat,02/05/2025,163,657,8270
Surat,07/05/2025,254,739,8193
Surat,17/05/2025,143,636,7505
Surat,19/05/2025,250,652,7730
Surat,20/05/2025,203,665,7656
Surat,24/05/2025,221,576,7717
Surat,25/05/2025,105,285,7472
Surat,26/05/2025,189,928,7629
Surat,29/05/2025,239,620,7560
Surat,30/05/2025,271,806,7653
Surat,01/06/2025,166,287,7560
Surat,08/06/2025,126,231,7403
Surat,13/06/2025,209,636,7435
Surat,17/06/2025,432,1003,8041
Surat,20/07/2025,89,402,6295
Surat,21/07/2025,213,1060,6503
Surat,01/08/2025,199,758,6089
Surat,12/08/2025,233,895,6550
Surat,23/08/2025,220,713,7062
Surat,30/08/2025,178,1010,6635
Surat,03/09/2025,282,1346,7045
Surat,11/09/2025,1115,1074,10073
Surat,27/06/2017,0,842,1146
Surat,15/07/2017,1,537,1149
Surat,16/07/2017,0,132,1149
Surat,19/07/2017,0,545,1149
Surat,24/07/2017,0,643,1150
Surat,25/07/2017,0,729,1150
Surat,30/07/2017,0,204,1158
Surat,05/08/2017,0,679,1166
Surat,11/08/2017,0,647,1169
Surat,21/08/2017,4,567,1184
Surat,28/08/2017,10,725,1209
Surat,08/09/2017,44,476,1348
Surat,15/09/2017,58,567,1539
Surat,18/09/2017,61,704,1610
Surat,19/09/2017,60,917,1576
Surat,27/09/2017,76,598,1663
Surat,29/09/2017,72,567,1711
Surat,03/10/2017,100,767,1714
Surat,04/10/2017,90,695,1623
Surat,13/10/2017,64,526,1697
Surat,14/10/2017,72,289,1749
Surat,20/10/2017,14,38,1621
Surat,21/10/2017,22,134,1617
Surat,22/10/2017,21,112,1623
Surat,26/10/2017,35,445,1564
Surat,04/11/2017,32,213,1478
Surat,11/11/2017,24,205,1470
Surat,13/11/2017,40,510,1455
Surat,15/11/2017,15,510,1395
Surat,17/11/2017,19,378,1368
Surat,19/11/2017,9,120,1378
Surat,21/11/2017,36,478,1369
Surat,23/12/2017,42,246,1465
Surat,25/12/2017,29,170,1468
Surat,30/12/2017,38,392,1428
Surat,06/01/2018,64,365,1408
Surat,09/01/2018,45,548,1473
Surat,18/01/2018,30,331,1387
Surat,27/01/2018,29,202,1466
Surat,28/01/2018,13,175,1454
Surat,02/02/2018,73,412,1563
Surat,03/02/2018,46,399,1571
Surat,12/02/2018,63,716,1535
Surat,25/02/2018,16,99,1394
Surat,27/02/2018,57,549,1414
Surat,28/02/2018,31,465,1379
Surat,10/03/2018,22,367,1334
Surat,14/03/2018,26,550,1341
Surat,15/03/2018,25,294,1329
Surat,17/03/2018,23,413,1308
Surat,23/03/2018,30,346,1313
Surat,25/03/2018,15,102,1321
Surat,03/04/2018,53,644,1480
Surat,06/04/2018,30,343,1389
Surat,13/04/2018,52,350,1514
Surat,19/04/2018,19,394,1316
Surat,25/04/2018,36,451,1395
Surat,26/04/2018,39,508,1345
Surat,27/04/2018,41,325,1374
Surat,28/04/2018,22,226,1378
Surat,05/05/2018,31,268,1439
Surat,07/05/2018,30,454,1465
Surat,16/05/2018,23,609,1334
Surat,19/05/2018,39,335,1413
Surat,27/05/2018,23,118,1529
Surat,28/05/2018,36,603,1530
Surat,02/06/2018,24,422,1450
Surat,11/06/2018,54,883,1526
Surat,12/06/2018,42,1078,1493
Surat,24/06/2018,38,182,1477
Surat,26/06/2018,41,944,1481
Surat,27/06/2018,54,927,1514
Surat,30/06/2018,36,734,1601
Surat,03/07/2018,38,897,1549
Surat,05/07/2018,37,837,1506
Surat,10/07/2018,53,1059,1541
Surat,15/07/2018,22,256,1517
Surat,20/07/2018,37,645,1497
Surat,21/07/2018,36,837,1518
Surat,01/08/2018,36,1011,1504
Surat,08/08/2018,87,592,1715
Surat,09/08/2018,101,494,1729
Surat,14/08/2018,47,632,1620
Surat,15/08/2018,29,189,1604
Surat,16/08/2018,43,602,1624
Surat,20/08/2018,64,705,1639
Surat,23/08/2018,44,453,1555
Surat,24/08/2018,58,478,1582
Surat,03/09/2018,29,245,1640
Surat,08/09/2018,33,433,1587
Surat,13/09/2018,21,248,1449
Surat,24/09/2018,52,410,1564
Surat,26/09/2018,67,662,1607
Surat,29/09/2018,50,408,1623
Surat,08/10/2018,84,626,1567
Surat,09/10/2018,81,679,1564
Surat,12/10/2018,52,577,1508
Surat,13/10/2018,33,424,1505
Surat,15/10/2018,45,596,1519
Surat,18/10/2018,21,173,1455
Surat,19/10/2018,77,435,1506
Surat,23/10/2018,41,666,1482
Surat,26/10/2018,18,511,1387
Surat,01/11/2018,162,696,1587
Surat,04/11/2018,66,190,1782
Surat,08/11/2018,8,41,1464
Surat,10/11/2018,11,252,1418
Surat,21/11/2018,27,299,1431
Surat,02/12/2018,24,137,1462
Surat,05/12/2018,32,529,1426
Surat,13/12/2018,116,288,1594
Surat,19/12/2018,41,437,1595
Surat,21/12/2018,50,371,1645
Surat,24/12/2018,63,485,1671
Surat,01/01/2019,48,508,1637
Surat,10/01/2019,124,363,1761
Surat,11/01/2019,93,388,1802
Surat,12/01/2019,86,379,1829
Surat,16/01/2019,81,488,1658
Surat,18/01/2019,58,376,1656
Surat,19/01/2019,61,427,1671
Surat,30/01/2019,29,464,1460
Surat,05/02/2019,46,356,1512
Surat,06/02/2019,82,403,1503
Surat,07/02/2019,43,311,1497
Surat,26/02/2019,45,378,1642
Surat,04/03/2019,23,185,1487
Surat,14/03/2019,38,305,1380
Surat,25/03/2019,33,536,1289
Surat,27/03/2019,8,453,1192
Surat,01/04/2019,30,401,1268
Surat,10/04/2019,51,432,1302
Surat,19/04/2019,30,147,1350
Surat,21/04/2019,27,104,1379
Surat,22/04/2019,44,238,1363
Surat,27/04/2019,21,294,1261
Surat,04/05/2019,12,405,1270
Surat,06/05/2019,36,430,1298
Surat,07/05/2019,14,291,1277
Surat,10/05/2019,19,280,1251
Surat,12/05/2019,13,104,1253
Surat,13/05/2019,25,483,1269
Surat,16/05/2019,39,285,1351
Surat,23/05/2019,33,310,1359
Surat,27/05/2019,138,437,1549
Surat,02/06/2019,40,181,1546
Surat,05/06/2019,25,316,1420
Surat,08/06/2019,38,381,1447
Surat,16/06/2019,39,129,1477
Surat,26/06/2019,70,850,1409
Surat,28/06/2019,24,715,1431
Surat,12/07/2019,40,520,1307
Surat,15/07/2019,56,708,1337
Surat,18/07/2019,22,482,1299
Surat,20/07/2019,37,552,1357
Surat,21/07/2019,22,215,1378
Surat,25/07/2019,36,370,1317
Surat,31/07/2019,19,537,1274
Surat,12/08/2019,24,561,1364
Surat,13/08/2019,37,860,1355
Surat,19/08/2019,44,823,1311
Surat,22/08/2019,27,522,1260
Surat,23/08/2019,16,671,1266
Surat,24/08/2019,12,355,1270
Surat,26/08/2019,47,679,1317
Surat,06/09/2019,54,696,1462
Surat,08/09/2019,32,193,1498
Surat,16/09/2019,57,847,1393
Surat,17/09/2019,59,782,1404
Surat,20/09/2019,71,618,1418
Surat,21/09/2019,61,649,1444
Surat,24/09/2019,72,716,1475
Surat,27/09/2019,75,477,1529
Surat,05/10/2019,49,555,1458
Surat,09/10/2019,54,748,1443
Surat,10/10/2019,66,497,1441
Surat,14/10/2019,80,710,1515
Surat,15/10/2019,58,659,1487
Surat,29/10/2019,27,309,1597
Surat,03/11/2019,31,149,1503
Surat,17/11/2019,18,130,1436
Surat,19/11/2019,43,558,1415
Surat,21/11/2019,36,338,1392
Surat,26/11/2019,102,468,1509
Surat,30/11/2019,42,383,1460
Surat,02/12/2019,73,431,1509
Surat,04/12/2019,72,516,1597
Surat,09/12/2019,91,504,1715
Surat,11/12/2019,85,464,1741
Surat,13/12/2019,57,358,1754
Surat,29/12/2019,26,102,1575
Surat,31/12/2019,35,416,1557
Surat,06/01/2020,64,456,1508
Surat,23/01/2020,39,441,1457
Surat,25/01/2020,35,357,1496
Surat,26/01/2020,19,131,1494
Surat,31/01/2020,79,382,1585
Surat,09/02/2020,31,123,1497
Surat,15/02/2020,65,379,1664
Surat,25/02/2020,69,554,1743
Surat,27/02/2020,23,415,1525
Surat,28/02/2020,79,417,1573
Surat,06/03/2020,93,520,1833
Surat,10/03/2020,26,138,1789
Surat,12/03/2020,74,603,1759
Surat,13/03/2020,88,550,1794
Surat,15/03/2020,39,161,1783
Surat,17/03/2020,88,536,1845
Surat,25/03/2020,20,597,1849
Surat,07/04/2020,19,398,1867
Surat,13/04/2020,18,354,1913
Surat,16/04/2020,18,293,1924
Surat,13/05/2020,30,262,2113
Surat,14/05/2020,30,254,2138
Surat,16/05/2020,34,238,2174
Surat,23/05/2020,50,313,2310
Surat,30/05/2020,40,361,1886
Surat,31/05/2020,25,184,1898
Surat,06/06/2020,51,466,1880
Surat,07/06/2020,65,217,1920
Surat,18/06/2020,78,612,2218
Surat,20/06/2020,56,505,2240
Surat,21/06/2020,38,244,2226
Surat,24/06/2020,68,486,2351
Surat,29/06/2020,75,490,2322
Surat,02/07/2020,98,474,2431
Surat,25/07/2020,64,393,3061
Surat,28/07/2020,108,446,3285
Surat,05/08/2020,114,439,3283
Surat,07/08/2020,100,440,3411
Surat,08/08/2020,118,551,3431
Surat,09/08/2020,96,184,3487
Surat,11/08/2020,101,430,3328
Surat,12/08/2020,85,309,3217
Surat,19/08/2020,185,658,3702
Surat,27/08/2020,105,695,3409
Surat,28/08/2020,118,680,3402
Surat,04/09/2020,138,629,3718
Surat,05/09/2020,141,710,3760
Surat,09/09/2020,140,574,3861
Surat,13/09/2020,118,224,4112
Surat,25/09/2020,119,588,4090
Surat,26/09/2020,118,452,4037
Surat,06/10/2020,148,488,4244
Surat,17/10/2020,131,478,4263
Surat,18/10/2020,87,217,4319
Surat,23/10/2020,130,486,4459
Surat,27/10/2020,165,511,4691
Surat,28/10/2020,179,515,4768
Surat,10/11/2020,126,575,4804
Surat,15/11/2020,58,147,4803
Surat,24/11/2020,113,415,4925
Surat,02/12/2020,101,454,4885
Surat,07/12/2020,122,499,4874
Surat,13/12/2020,74,165,4627
Surat,16/12/2020,98,516,4632
Surat,17/12/2020,109,447,4667
Surat,21/12/2020,181,558,4981
Surat,30/12/2020,95,374,5028
Surat,07/01/2021,107,387,5412
Surat,20/01/2021,193,434,5858
Surat,31/01/2021,57,260,5494
Surat,02/02/2021,100,641,5126
Surat,05/02/2021,109,681,4441
Surat,18/02/2021,81,526,2877
Surat,26/02/2021,93,733,2562
Surat,27/02/2021,86,602,2477
Surat,01/03/2021,107,603,2526
Surat,02/03/2021,129,783,2290
Surat,08/03/2021,161,898,2446
Surat,12/03/2021,102,758,2413
Surat,18/03/2021,107,720,2519
Surat,19/03/2021,127,779,2591
Surat,21/03/2021,64,286,2670
Surat,23/03/2021,152,734,2883
Surat,27/03/2021,79,415,2829
Surat,03/04/2021,134,692,2863
Surat,10/04/2021,93,486,3351
Surat,12/04/2021,113,680,3313
Surat,14/04/2021,75,326,3249
Surat,22/04/2021,115,504,3489
Surat,24/04/2021,228,513,3678
Surat,25/04/2021,154,241,3794
Surat,06/05/2021,72,621,3773
Surat,09/05/2021,61,236,3877
Surat,19/05/2021,276,774,4359
Surat,24/05/2021,220,1097,4463
Surat,26/05/2021,203,729,4559
Surat,31/05/2021,156,603,4510
Surat,07/06/2021,200,749,4539
Surat,01/07/2021,180,587,4404
Surat,03/07/2021,171,598,4480
Surat,04/07/2021,53,225,4513
Surat,05/07/2021,160,691,4548
Surat,12/07/2021,147,570,4486
Surat,17/07/2021,167,597,4603
Surat,20/07/2021,196,669,4776
Surat,29/07/2021,194,675,4835
Surat,01/08/2021,86,268,4989
Surat,03/08/2021,173,779,4974
Surat,20/08/2021,135,417,3498
Surat,22/08/2021,76,213,3520
Surat,23/08/2021,183,651,3689
Surat,24/08/2021,190,857,3727
Surat,28/08/2021,93,675,3508
Surat,29/08/2021,98,223,3588
Surat,02/09/2021,116,787,3510
Surat,06/09/2021,185,871,3908
Surat,07/09/2021,168,760,3837
Surat,11/09/2021,112,636,3879
Surat,12/09/2021,87,219,3896
Surat,14/09/2021,212,939,4090
Surat,25/09/2021,141,734,3754
Surat,04/10/2021,172,980,4105
Surat,06/10/2021,221,752,4180
Surat,07/10/2021,179,825,4258
Surat,08/10/2021,145,779,4353
Surat,18/10/2021,160,756,4589
Surat,21/10/2021,170,687,4604
Surat,22/10/2021,177,625,4635
Surat,26/10/2021,150,603,4438
Surat,06/11/2021,73,244,4905
Surat,27/11/2021,81,506,4632
Surat,06/12/2021,194,728,4914
Surat,16/12/2021,119,569,5092
Surat,20/12/2021,188,599,5310
Surat,22/12/2021,138,593,5281
Surat,15/01/2022,92,479,6593
Surat,21/01/2022,184,601,6687
Surat,25/01/2022,226,631,6944
Surat,26/01/2022,198,311,6559
Surat,30/01/2022,98,196,7135
Surat,31/01/2022,219,613,7045
Surat,12/02/2022,124,487,6075
Surat,18/02/2022,271,587,6223
Surat,24/02/2022,194,595,6587
Surat,25/02/2022,227,629,6692
Surat,12/03/2022,183,531,7421
Surat,13/03/2022,139,149,7509
Surat,15/03/2022,227,672,7585
Surat,22/03/2022,191,802,7851
Surat,05/04/2022,177,768,8336
Surat,07/04/2022,236,583,8621
Surat,10/04/2022,108,211,8865
Surat,12/04/2022,314,611,9119
Surat,15/04/2022,166,572,8938
Surat,17/04/2022,126,334,9068
Surat,30/04/2022,203,606,8917
Surat,06/05/2022,176,603,8565
Surat,11/05/2022,195,738,8444
Surat,19/05/2022,114,636,7015
Surat,21/05/2022,180,682,6998
Surat,23/05/2022,248,816,7208
Surat,24/05/2022,229,977,7319
Surat,31/05/2022,225,573,7353
Surat,03/06/2022,185,687,6075
Surat,04/06/2022,142,811,6010
Surat,05/06/2022,78,285,6069
Surat,06/06/2022,166,817,6087
Surat,08/06/2022,189,734,6093
Surat,20/06/2022,261,1274,5361
Surat,21/06/2022,209,1201,5333
Surat,25/06/2022,154,739,5221
Surat,26/06/2022,104,366,5170
Surat,27/06/2022,209,1218,5292
Surat,02/07/2022,141,1013,4713
Surat,03/07/2022,125,429,4800
Surat,11/07/2022,159,1223,3873
Surat,13/07/2022,71,1131,3063
Surat,18/07/2022,124,1510,3095
Surat,19/07/2022,132,1480,3145
Surat,22/07/2022,82,1021,2923
Surat,28/07/2022,122,1288,3196
Surat,30/07/2022,119,728,3230
Surat,31/07/2022,54,326,3266
Surat,01/08/2022,127,930,3253
Surat,07/08/2022,54,263,3313
Surat,09/08/2022,123,552,3595
Surat,14/08/2022,66,364,3566
Surat,28/08/2022,96,301,3503
Surat,08/09/2022,139,561,3585
Surat,09/09/2022,42,307,3515
Surat,12/09/2022,161,1002,3699
Surat,13/09/2022,103,972,3629
Surat,23/09/2022,147,589,4272
Surat,28/09/2022,216,780,4083
Surat,01/10/2022,143,793,4153
Surat,10/10/2022,123,804,4019
Surat,21/10/2022,149,754,4692
Surat,27/10/2022,63,682,4290
Surat,29/10/2022,85,567,4175
Surat,11/11/2022,103,701,4175
Surat,23/11/2022,210,817,4571
Surat,24/11/2022,175,770,4709
Surat,29/11/2022,176,987,4860
Surat,01/12/2022,67,259,4127
Surat,04/12/2022,134,549,4121
Surat,15/12/2022,168,836,4382
Surat,16/12/2022,193,716,4388
Surat,19/12/2022,205,853,4625
Surat,25/12/2022,97,257,4793
Surat,29/12/2022,171,790,4718
Surat,03/01/2023,228,924,4888
Surat,06/01/2023,159,964,4902
Surat,08/01/2023,106,452,5069
Surat,09/01/2023,211,1017,5074
Surat,12/01/2023,179,762,5018
Surat,14/01/2023,64,208,4633
Surat,17/01/2023,172,954,4548
Surat,21/01/2023,172,797,4619
Surat,31/01/2023,199,849,4394
Surat,01/02/2023,179,765,4305
Surat,07/02/2023,162,908,4630
Surat,11/02/2023,121,666,4611
Surat,18/02/2023,128,469,4632
Surat,24/02/2023,194,893,4840
Surat,10/03/2023,116,1049,4415
Surat,15/03/2023,181,971,4509
Surat,19/03/2023,115,360,4822
Surat,22/03/2023,151,742,4650
Surat,31/03/2023,204,736,4855
Surat,03/04/2023,298,964,5229
Surat,05/04/2023,236,844,5072
Surat,17/04/2023,216,957,4941
Surat,25/04/2023,201,956,5016
Surat,26/04/2023,254,924,5124
Surat,29/04/2023,161,612,5230
Surat,02/05/2023,188,788,5525
Surat,05/05/2023,170,605,5412
Surat,06/05/2023,155,706,5453
Surat,07/05/2023,111,229,5549
Surat,12/05/2023,182,724,5064
Surat,13/05/2023,152,564,4998
Surat,29/05/2023,286,750,5673
Surat,30/05/2023,293,694,5646
Surat,03/06/2023,166,719,5249
Surat,04/06/2023,133,229,5320
Surat,13/06/2023,345,921,5804
Surat,22/06/2023,255,1137,6161
Surat,26/06/2023,401,1050,6225
Surat,04/07/2023,271,1591,5961
Surat,09/07/2023,167,534,5735
Surat,11/07/2023,277,1216,5739
Surat,12/07/2023,257,1354,5662
Surat,28/07/2023,265,1009,6162
Surat,30/07/2023,151,522,6021
Surat,31/07/2023,268,1295,6073
Surat,01/08/2023,196,1022,6096
Surat,25/08/2023,282,765,6494
Surat,01/09/2023,290,699,6315
Surat,06/09/2023,237,865,6648
Surat,08/09/2023,253,663,6626
Surat,12/09/2023,256,1043,6702
Surat,21/09/2023,300,1051,7306
Surat,22/09/2023,355,1048,7465
Surat,01/10/2023,181,456,7518
Surat,02/10/2023,219,872,7334
Surat,04/10/2023,263,1078,7062
Surat,05/10/2023,289,1073,6917
Surat,12/10/2023,290,891,7216
Surat,14/10/2023,183,610,7274
Surat,21/10/2023,300,829,8010
Surat,30/10/2023,276,1120,7406
Surat,07/11/2023,243,906,7657
Surat,10/11/2023,207,804,7727
Surat,16/11/2023,110,777,6489
Surat,21/11/2023,147,903,5361
Surat,22/11/2023,153,772,5111
Surat,30/11/2023,183,869,4795
Surat,01/12/2023,134,847,4791
Surat,05/12/2023,229,920,5224
Surat,16/12/2023,173,825,4968
Surat,26/12/2023,240,882,4725
Surat,27/12/2023,164,828,4662
Surat,30/12/2023,196,769,4751
Surat,01/01/2024,180,951,4562
Surat,06/01/2024,138,658,4600
Surat,08/01/2024,195,972,4605
Surat,10/01/2024,175,772,4483
Surat,12/01/2024,233,794,4510
Surat,15/01/2024,118,705,4444
Surat,16/01/2024,171,917,4391
Surat,19/01/2024,170,758,4445
Surat,24/01/2024,219,632,4807
Surat,30/01/2024,239,786,5045
Surat,01/02/2024,192,783,5025
Surat,06/02/2024,252,860,5262
Surat,12/02/2024,264,810,5424
Surat,20/02/2024,235,839,5738
Surat,21/02/2024,221,630,5702
Surat,24/02/2024,133,725,5113
Surat,25/02/2024,97,265,5010
Surat,27/02/2024,210,807,5154
Surat,06/03/2024,197,640,5242
Surat,16/03/2024,228,971,4701
Surat,21/03/2024,308,849,5466
Surat,26/03/2024,155,590,5067
Surat,30/03/2024,213,896,4743
Surat,31/03/2024,105,303,4610
Surat,05/04/2024,223,766,4722
Surat,07/04/2024,130,280,4809
Surat,11/04/2024,157,468,5015
Surat,19/04/2024,190,624,4679
Surat,23/04/2024,165,694,4719
Surat,24/04/2024,254,679,4885
Surat,29/04/2024,200,794,5079
Surat,07/05/2024,203,237,5652
Surat,08/05/2024,269,574,5762
Surat,16/05/2024,263,746,5612
Surat,17/05/2024,230,614,5464
Surat,22/05/2024,210,605,5857
Surat,26/05/2024,161,336,5677
Surat,28/05/2024,347,802,5811
Surat,30/05/2024,304,797,6102
Surat,03/06/2024,338,798,6558
Surat,06/06/2024,291,704,6516
Surat,20/06/2024,321,926,7462
Surat,28/06/2024,423,963,8339
Surat,05/07/2024,470,1346,9057
Surat,15/07/2024,324,1509,9173
Surat,17/07/2024,288,889,9350
Surat,24/07/2024,269,1185,8377
Surat,25/07/2024,285,1411,8005
Surat,31/07/2024,337,1363,7797
Surat,04/08/2024,206,519,8150
Surat,06/08/2024,352,1293,8396
Surat,07/08/2024,380,1140,8485
Surat,15/08/2024,181,424,8642
Surat,16/08/2024,374,1143,8620
Surat,20/08/2024,350,1001,9033
Surat,30/08/2024,414,1163,9230
Surat,04/09/2024,468,886,9722
Surat,05/09/2024,423,799,9811
Surat,06/09/2024,299,903,9695
Surat,09/09/2024,302,1128,10138
Surat,11/09/2024,431,839,10744
Surat,16/09/2024,245,642,10708
Surat,22/09/2024,254,379,10216
Surat,25/09/2024,329,909,10483
Surat,29/09/2024,243,359,10514
Surat,08/10/2024,302,1095,10243
Surat,11/10/2024,210,766,10032
Surat,19/10/2024,327,754,10023
Surat,20/10/2024,183,412,10084
Surat,22/10/2024,332,982,10400
Surat,28/10/2024,273,889,11188
Surat,02/11/2024,74,79,10241
Surat,05/11/2024,149,618,10055
Surat,08/11/2024,196,652,9796
Surat,16/11/2024,199,636,9451
Surat,29/11/2024,230,627,8662
Surat,10/12/2024,188,734,8372
Surat,14/12/2024,150,569,8316
Surat,16/12/2024,273,784,8484
Surat,04/01/2025,183,724,8419
Surat,10/01/2025,281,654,8906
Surat,21/01/2025,244,814,9024
Surat,28/01/2025,283,716,9237
Surat,30/01/2025,370,664,9528
Surat,02/02/2025,110,198,9282
Surat,16/02/2025,129,248,8682
Surat,17/02/2025,199,737,8829
Surat,23/02/2025,123,265,8903
Surat,24/02/2025,215,786,9056
Surat,26/02/2025,159,374,8982
Surat,27/02/2025,231,838,9032
Surat,04/03/2025,176,728,9084
Surat,16/03/2025,168,385,8784
Surat,17/03/2025,233,1082,8977
Surat,25/03/2025,247,799,8953
Surat,26/03/2025,164,734,8898
Surat,28/03/2025,172,706,8829
Surat,31/03/2025,128,573,8870
Surat,01/04/2025,169,644,8752
Surat,05/04/2025,169,645,8801
Surat,07/04/2025,207,744,8888
Surat,09/04/2025,205,633,8973
Surat,17/04/2025,233,632,8902
Surat,18/04/2025,139,564,8660
Surat,19/04/2025,272,647,8717
Surat,03/05/2025,140,710,8232
Surat,06/05/2025,273,665,8395
Surat,16/05/2025,162,499,7576
Surat,23/05/2025,257,688,7764
Surat,28/05/2025,248,769,7548
Surat,07/06/2025,171,500,7372
Surat,14/06/2025,172,570,7402
Surat,22/06/2025,206,420,8213
Surat,23/06/2025,431,611,8603
Surat,25/06/2025,309,1522,8296
Surat,27/06/2025,232,1307,8280
Surat,02/07/2025,337,1305,8744
Surat,09/07/2025,203,1237,8116
Surat,11/07/2025,214,1025,7359
Surat,13/07/2025,124,400,6770
Surat,18/07/2025,169,1038,6256
Surat,24/07/2025,197,984,6082
Surat,28/07/2025,179,1006,6117
Surat,31/07/2025,221,811,6115
Surat,08/08/2025,148,860,6241
Surat,11/08/2025,239,931,6634
Surat,17/08/2025,96,332,6443
Surat,22/08/2025,214,904,6981
Surat,28/08/2025,136,1099,6517
Surat,01/09/2025,272,1134,6992
Surat,02/09/2025,265,1179,7017
Surat,09/09/2025,487,1242,8237
Surat,10/09/2025,721,1022,8958
Surat,02/08/2021,206,654,5043
Surat,05/08/2021,106,655,4540
Surat,06/08/2021,110,556,4449
Surat,12/08/2021,126,539,3966
Surat,15/08/2021,67,174,3882
Surat,18/08/2021,110,604,3642
Surat,26/08/2021,210,739,3635
Surat,27/08/2021,149,735,3571
Surat,03/09/2021,168,679,3627
Surat,08/09/2021,217,803,3899
Surat,10/09/2021,129,351,3979
Surat,13/09/2021,191,870,4009
Surat,15/09/2021,238,644,3882
Surat,19/09/2021,60,273,3965
Surat,23/09/2021,137,874,3609
Surat,28/09/2021,202,890,3853
Surat,01/10/2021,189,665,4026
Surat,03/10/2021,118,297,4110
Surat,19/10/2021,122,639,4604
Surat,20/10/2021,257,666,4642
Surat,23/10/2021,124,610,4527
Surat,24/10/2021,99,280,4485
Surat,25/10/2021,141,796,4492
Surat,30/10/2021,202,564,4787
Surat,01/11/2021,246,654,4992
Surat,03/11/2021,137,616,5089
Surat,12/11/2021,92,499,4587
Surat,14/11/2021,28,78,4562
Surat,16/11/2021,183,555,4540
Surat,22/11/2021,202,688,4929
Surat,24/11/2021,134,707,4970
Surat,26/11/2021,146,499,4813
Surat,28/11/2021,79,167,4652
Surat,30/11/2021,146,514,4735
Surat,07/12/2021,175,727,4954
Surat,10/12/2021,201,560,5166
Surat,17/12/2021,185,537,5160
Surat,21/12/2021,152,510,5277
Surat,26/12/2021,133,215,5613
Surat,07/01/2022,284,583,6557
Surat,09/01/2022,147,206,6736
Surat,10/01/2022,269,721,6894
Surat,12/01/2022,149,585,6634
Surat,17/01/2022,183,842,6749
Surat,20/01/2022,170,743,6782
Surat,06/02/2022,105,202,6464
Surat,09/02/2022,184,999,6286
Surat,17/02/2022,199,668,6082
Surat,23/02/2022,237,748,6542
Surat,01/03/2022,148,365,6794
Surat,02/03/2022,194,719,6731
Surat,14/03/2022,271,868,7605
Surat,16/03/2022,239,792,7648
Surat,28/03/2022,251,810,8387
Surat,31/03/2022,242,623,8154
Surat,06/04/2022,219,836,8450
Surat,08/04/2022,232,579,8834
Surat,25/04/2022,265,830,8975
Surat,04/05/2022,215,754,8470
Surat,07/05/2022,179,791,8670
Surat,10/05/2022,130,670,8392
Surat,26/05/2022,221,729,7378
Surat,14/06/2022,156,874,5839
Surat,18/06/2022,162,853,5214
Surat,19/06/2022,121,284,5319
Surat,24/06/2022,163,921,5318
Surat,04/07/2022,173,1207,4728
Surat,06/07/2022,143,1560,3823
Surat,07/07/2022,154,931,3879
Surat,09/07/2022,93,923,3888
Surat,10/07/2022,97,414,3895
Surat,12/07/2022,81,1364,3461
Surat,25/07/2022,145,1188,3061
Surat,27/07/2022,115,1064,3148
Surat,03/08/2022,95,736,3019
Surat,20/08/2022,105,869,3112
Surat,23/08/2022,138,1172,3259
Surat,03/09/2022,122,686,3522
Surat,05/09/2022,162,891,3669
Surat,29/09/2022,131,505,4120
Surat,03/10/2022,214,861,4320
Surat,05/10/2022,101,419,4189
Surat,06/10/2022,143,741,4150
Surat,08/10/2022,129,568,4010
Surat,20/10/2022,244,819,4641
Surat,26/10/2022,41,74,4478
Surat,28/10/2022,95,644,4241
Surat,01/11/2022,113,767,4156
Surat,04/11/2022,122,763,4126
Surat,08/11/2022,140,583,4310
Surat,19/11/2022,140,871,4230
Surat,25/11/2022,207,737,4881
Surat,03/12/2022,135,1041,4033
Surat,05/12/2022,170,1030,4165
Surat,13/12/2022,170,828,4320
Surat,28/12/2022,200,778,4789
Surat,04/01/2023,212,901,4971
Surat,07/01/2023,184,834,4974
Surat,11/01/2023,182,741,4963
Surat,22/01/2023,158,273,4706
Surat,24/01/2023,302,781,4842
Surat,25/01/2023,206,851,4902
Surat,28/01/2023,98,579,4245
Surat,09/02/2023,201,764,4715
Surat,12/02/2023,136,474,4674
Surat,17/02/2023,219,747,4639
Surat,19/02/2023,104,426,4700
Surat,27/02/2023,189,1027,4740
Surat,28/02/2023,207,945,4755
Surat,05/03/2023,122,354,4958
Surat,07/03/2023,154,758,4790
Surat,11/03/2023,172,830,4477
Surat,16/03/2023,191,988,4568
Surat,18/03/2023,192,803,4755
Surat,20/03/2023,225,934,4893
Surat,21/03/2023,122,841,4681
Surat,23/03/2023,183,824,4580
Surat,29/03/2023,259,847,4964
Surat,07/04/2023,179,606,5075
Surat,10/04/2023,243,1027,5173
Surat,12/04/2023,197,862,5033
Surat,20/04/2023,232,1134,4988
Surat,11/05/2023,221,555,5204
Surat,21/05/2023,128,400,5245
Surat,22/05/2023,261,773,5275
Surat,25/05/2023,277,648,5551
Surat,05/06/2023,219,778,5361
Surat,09/06/2023,278,782,5432
Surat,10/06/2023,170,411,5359
Surat,11/06/2023,133,274,5455
Surat,17/06/2023,310,908,5961
Surat,03/07/2023,295,1440,5992
Surat,10/07/2023,254,1434,5745
Surat,16/07/2023,135,525,5471
Surat,20/07/2023,328,1447,5730
Surat,04/08/2023,273,1054,6357
Surat,10/08/2023,323,823,7043
Surat,18/08/2023,264,773,6871
Surat,22/08/2023,294,878,6801
Surat,24/08/2023,290,652,6759
Surat,31/08/2023,222,720,6182
Surat,03/09/2023,149,258,6512
Surat,11/09/2023,259,1059,6691
Surat,17/09/2023,135,342,7154
Surat,24/09/2023,185,443,7527
Surat,26/09/2023,363,1005,7908
Surat,27/09/2023,252,868,7758
Surat,06/10/2023,290,942,6989
Surat,07/10/2023,260,829,6934
Surat,19/10/2023,320,936,7882
Surat,22/10/2023,168,489,8091
Surat,23/10/2023,254,918,8054
Surat,31/10/2023,193,650,7170
Surat,14/11/2023,64,75,7254
Surat,18/11/2023,94,593,5389
Surat,20/11/2023,87,756,5376
Surat,23/11/2023,123,998,4792
Surat,25/11/2023,204,650,4796
Surat,29/11/2023,265,822,4904
Surat,07/12/2023,165,782,5083
Surat,13/12/2023,156,828,5001
Surat,17/12/2023,89,294,5016
Surat,19/12/2023,256,1050,5321
Surat,25/12/2023,152,520,4686
Surat,28/12/2023,210,851,4677
Surat,29/12/2023,210,868,4735
Surat,31/12/2023,114,321,4741
Surat,04/01/2024,148,788,4554
Surat,20/01/2024,187,662,4567
Surat,31/01/2024,180,783,5025
Surat,05/02/2024,238,954,5203
Surat,13/02/2024,173,855,5377
Surat,17/02/2024,196,601,5578
Surat,29/02/2024,173,877,5104
Surat,02/03/2024,243,737,5374
Surat,04/03/2024,184,801,5316
Surat,09/03/2024,123,867,4989
Surat,14/03/2024,202,1171,4900
Surat,19/03/2024,306,857,5272
Surat,20/03/2024,303,927,5466
Surat,23/03/2024,234,683,5513
Surat,25/03/2024,90,207,5217
Surat,29/03/2024,157,782,4826
Surat,03/04/2024,167,720,4527
Surat,04/04/2024,226,794,4532
Surat,06/04/2024,229,743,4776
Surat,09/04/2024,231,945,4924
Surat,12/04/2024,150,745,4666
Surat,14/04/2024,92,223,4520
Surat,20/04/2024,140,647,4688
Surat,30/04/2024,198,577,5079
Surat,01/05/2024,198,535,5277
Surat,04/05/2024,252,626,5462
Surat,11/05/2024,157,529,5494
Surat,21/05/2024,219,778,5968
Surat,07/06/2024,250,762,6500
Surat,12/06/2024,243,943,6997
Surat,19/06/2024,387,822,7490
Surat,24/06/2024,335,1283,7754
Surat,25/06/2024,342,1208,7757
Surat,02/07/2024,457,1417,8716
Surat,04/07/2024,439,1304,8829
Surat,06/07/2024,491,1441,9286
Surat,07/07/2024,254,522,9310
Surat,26/07/2024,269,1420,7918
Surat,30/07/2024,348,1209,7850
Surat,03/08/2024,385,1010,8061
Surat,14/08/2024,320,1038,8855
Surat,17/08/2024,392,1084,8646
Surat,29/08/2024,439,1136,8966
Surat,03/09/2024,415,1026,9830
Surat,08/09/2024,224,527,9896
Surat,10/09/2024,372,1164,10412
Surat,14/09/2024,280,650,10565
Surat,17/09/2024,159,290,10312
Surat,20/09/2024,268,930,10143
Surat,23/09/2024,303,1212,10477
Surat,27/09/2024,331,776,10591
Surat,30/09/2024,392,999,10712
Surat,01/10/2024,374,934,10781
Surat,03/10/2024,317,1168,10200
Surat,05/10/2024,237,940,10061
Surat,06/10/2024,200,464,10176
Surat,10/10/2024,246,956,10056
Surat,15/10/2024,371,920,10049
Surat,23/10/2024,316,750,10371
Surat,24/10/2024,293,823,10277
Surat,26/10/2024,258,728,10751
Surat,27/10/2024,194,396,10935
Surat,03/11/2024,72,233,10096
Surat,06/11/2024,177,679,9997
Surat,17/11/2024,149,282,9516
Surat,07/12/2024,240,728,8347
Surat,08/12/2024,159,218,8272
Surat,12/12/2024,178,667,8348
Surat,15/12/2024,115,223,8316
Surat,17/12/2024,243,726,8381
Surat,26/12/2024,324,716,8944
Surat,07/01/2025,238,635,8533
Surat,08/01/2025,267,709,8791
Surat,12/01/2025,174,284,8641
Surat,13/01/2025,232,817,8869
Surat,15/01/2025,159,554,8699
Surat,17/01/2025,173,759,8680
Surat,22/01/2025,261,819,9103
Surat,25/01/2025,172,502,9034
Surat,29/01/2025,371,819,9288
Surat,07/02/2025,223,503,8877
Surat,18/02/2025,293,676,8879
Surat,20/02/2025,219,565,9150
Surat,02/03/2025,147,304,8950
Surat,07/03/2025,142,719,8924
Surat,10/03/2025,214,864,9096
Surat,13/03/2025,187,582,8932
Surat,19/03/2025,195,986,8727
Surat,30/03/2025,123,281,8770
Surat,03/04/2025,203,652,8786
Surat,06/04/2025,134,229,8713
Surat,14/04/2025,143,384,8942
Surat,11/05/2025,85,266,7656
Surat,13/05/2025,159,796,7712
Surat,15/05/2025,127,644,7566
Surat,31/05/2025,218,739,7476
Surat,05/06/2025,195,723,7520
Surat,11/06/2025,239,695,7463
Surat,12/06/2025,206,794,7441
Surat,16/06/2025,416,1087,7704
Surat,21/06/2025,244,1044,8244
Surat,29/06/2025,225,557,8400
Surat,01/07/2025,364,1296,8748
Surat,05/07/2025,285,936,8736
Surat,07/07/2025,327,1389,9076
Surat,10/07/2025,218,1058,7388
Surat,17/07/2025,145,845,6449
Surat,23/07/2025,232,823,6129
Surat,27/07/2025,133,346,5939
Surat,24/08/2025,175,450,7076
Surat,05/09/2025,189,696,7020
Surat,08/09/2025,383,1391,7750
Surat,11/07/2017,0,631,1146
Surat,13/07/2017,1,503,1148
Surat,20/07/2017,0,526,1149
Surat,23/07/2017,0,104,1150
Surat,27/07/2017,2,673,1156
Surat,29/07/2017,0,620,1158
Surat,01/08/2017,0,618,1165
Surat,04/08/2017,0,671,1166
Surat,08/08/2017,1,808,1167
Surat,13/08/2017,3,139,1172
Surat,18/08/2017,2,658,1176
Surat,20/08/2017,3,185,1180
Surat,24/08/2017,2,817,1193
Surat,29/08/2017,4,788,1213
Surat,30/08/2017,6,795,1219
Surat,03/09/2017,4,239,1243
Surat,06/09/2017,29,666,1292
Surat,07/09/2017,12,758,1304
Surat,13/09/2017,27,693,1492
Surat,17/09/2017,40,139,1579
Surat,23/09/2017,38,262,1582
Surat,28/09/2017,54,447,1680
Surat,16/10/2017,99,807,1815
Surat,18/10/2017,60,661,1735
Surat,19/10/2017,27,252,1660
Surat,29/10/2017,35,76,1582
Surat,26/11/2017,23,143,1352
Surat,04/12/2017,48,406,1443
Surat,09/12/2017,11,68,1389
Surat,11/12/2017,45,507,1440
Surat,12/12/2017,35,605,1400
Surat,16/12/2017,31,323,1375
Surat,28/12/2017,31,411,1407
Surat,01/01/2018,47,470,1449
Surat,04/01/2018,29,323,1368
Surat,07/01/2018,25,95,1424
Surat,13/01/2018,30,229,1488
Surat,20/01/2018,41,439,1427
Surat,22/01/2018,59,511,1476
Surat,25/01/2018,36,369,1492
Surat,26/01/2018,17,162,1471
Surat,31/01/2018,55,396,1532
Surat,05/02/2018,47,404,1548
Surat,14/02/2018,42,597,1391
Surat,17/02/2018,26,334,1464
Surat,20/02/2018,27,652,1428
Surat,04/03/2018,21,192,1338
Surat,09/03/2018,44,504,1341
Surat,24/03/2018,22,265,1327
Surat,01/04/2018,64,91,1458
Surat,10/04/2018,37,654,1436
Surat,21/04/2018,17,558,1331
Surat,23/04/2018,39,584,1379
Surat,24/04/2018,40,513,1390
Surat,01/05/2018,39,430,1384
Surat,03/05/2018,52,577,1393
Surat,08/05/2018,43,638,1470
Surat,09/05/2018,25,509,1387
Surat,13/05/2018,13,89,1373
Surat,15/05/2018,33,631,1356
Surat,25/05/2018,49,359,1499
Surat,26/05/2018,48,291,1522
Surat,05/06/2018,51,789,1498
Surat,06/06/2018,45,954,1458
Surat,08/06/2018,31,545,1466
Surat,17/06/2018,32,164,1516
Surat,19/06/2018,54,1011,1502
Surat,20/06/2018,44,701,1442
Surat,25/06/2018,50,943,1505
Surat,06/07/2018,37,771,1521
Surat,08/07/2018,23,299,1537
Surat,13/07/2018,44,756,1505
Surat,16/07/2018,46,1032,1525
Surat,23/07/2018,69,1154,1590
Surat,27/07/2018,34,659,1460
Surat,31/07/2018,114,1013,1531
Surat,03/08/2018,63,650,1550
Surat,12/08/2018,39,98,1740
Surat,28/08/2018,61,736,1644
Surat,31/08/2018,59,392,1612
Surat,06/09/2018,52,378,1581
Surat,16/09/2018,29,140,1528
Surat,17/09/2018,54,614,1560
Surat,18/09/2018,39,538,1540
Surat,25/09/2018,68,646,1611
Surat,30/09/2018,37,161,1636
Surat,10/10/2018,45,634,1450
Surat,11/10/2018,48,420,1486
Surat,16/10/2018,45,563,1517
Surat,05/11/2018,87,597,1800
Surat,09/11/2018,8,131,1444
Surat,15/11/2018,52,575,1468
Surat,07/12/2018,24,427,1447
Surat,15/12/2018,58,433,1657
Surat,17/12/2018,57,454,1672
Surat,18/12/2018,41,443,1672
Surat,22/12/2018,34,258,1641
Surat,25/12/2018,40,241,1658
Surat,26/12/2018,52,412,1545
Surat,05/01/2019,43,540,1661
Surat,07/01/2019,79,531,1707
Surat,14/01/2019,36,112,1799
Surat,20/01/2019,51,166,1706
Surat,26/01/2019,17,224,1539
Surat,29/01/2019,44,379,1526
Surat,08/02/2019,34,336,1481
Surat,10/02/2019,31,89,1520
Surat,11/02/2019,72,378,1543
Surat,19/02/2019,41,416,1538
Surat,25/02/2019,92,375,1697
Surat,27/02/2019,32,267,1470
Surat,07/03/2019,35,364,1444
Surat,16/03/2019,36,410,1386
Surat,19/03/2019,44,438,1384
Surat,20/03/2019,22,510,1262
Surat,22/03/2019,26,435,1266
Surat,31/03/2019,15,106,1252
Surat,03/04/2019,23,426,1225
Surat,05/04/2019,22,380,1247
Surat,06/04/2019,8,286,1244
Surat,08/04/2019,35,484,1272
Surat,12/04/2019,23,268,1253
Surat,26/04/2019,25,462,1252
Surat,01/05/2019,19,474,1234
Surat,02/05/2019,22,351,1248
Surat,14/05/2019,29,454,1275
Surat,21/05/2019,48,462,1356
Surat,22/05/2019,47,359,1353
Surat,25/05/2019,95,301,1459
Surat,29/05/2019,59,533,1473
Surat,01/06/2019,53,518,1521
Surat,09/06/2019,29,134,1452
Surat,11/06/2019,48,602,1458
Surat,12/06/2019,65,576,1397
Surat,15/06/2019,50,639,1464
Surat,18/06/2019,79,815,1492
Surat,22/06/2019,20,549,1361
Surat,25/06/2019,65,769,1429
Surat,27/06/2019,46,653,1431
Surat,03/07/2019,35,720,1345
Surat,07/07/2019,26,243,1364
Surat,11/07/2019,19,539,1281
Surat,17/07/2019,27,703,1286
Surat,23/07/2019,64,716,1387
Surat,28/07/2019,33,173,1359
Surat,04/08/2019,24,428,1321
Surat,05/08/2019,51,908,1362
Surat,07/08/2019,72,924,1410
Surat,08/08/2019,52,597,1433
Surat,11/08/2019,30,344,1380
Surat,14/08/2019,19,834,1283
Surat,17/08/2019,20,527,1286
Surat,20/08/2019,48,866,1295
Surat,21/08/2019,22,841,1239
Surat,28/08/2019,42,605,1325
Surat,10/09/2019,39,424,1457
Surat,12/09/2019,13,206,1323
Surat,18/09/2019,43,862,1377
Surat,22/09/2019,33,288,1464
Surat,25/09/2019,67,604,1508
Surat,03/10/2019,53,589,1420
Surat,06/10/2019,43,234,1498
Surat,16/10/2019,72,664,1464
Surat,28/10/2019,27,74,1662
Surat,12/11/2019,34,391,1412
Surat,16/11/2019,40,451,1424
Surat,08/12/2019,24,186,1706
Surat,10/12/2019,69,461,1735
Surat,12/12/2019,65,316,1744
Surat,16/12/2019,59,468,1721
Surat,19/12/2019,57,383,1665
Surat,21/12/2019,54,426,1697
Surat,23/12/2019,70,530,1724
Surat,27/12/2019,52,421,1615
Surat,30/12/2019,60,497,1573
Surat,07/01/2020,62,500,1551
Surat,11/01/2020,32,338,1479
Surat,12/01/2020,21,107,1491
Surat,16/01/2020,60,440,1455
Surat,21/01/2020,66,474,1528
Surat,17/02/2020,215,559,1867
Surat,24/02/2020,103,658,1758
Surat,26/02/2020,30,514,1519
Surat,29/02/2020,24,476,1567
Surat,03/03/2020,69,556,1661
Surat,04/03/2020,73,592,1689
Surat,07/03/2020,85,566,1867
Surat,19/03/2020,89,545,1936
Surat,23/03/2020,38,608,1917
Surat,31/03/2020,25,485,1870
Surat,04/04/2020,28,427,1867
Surat,05/04/2020,20,254,1878
Surat,09/04/2020,16,319,1885
Surat,10/04/2020,22,336,1900
Surat,23/04/2020,13,347,1962
Surat,24/04/2020,16,367,1963
Surat,26/04/2020,25,196,1971
Surat,27/04/2020,26,346,1994
Surat,04/05/2020,27,265,2077
Surat,05/05/2020,21,258,2046
Surat,06/05/2020,18,249,2039
Surat,12/05/2020,29,324,2095
Surat,15/05/2020,31,274,2151
Surat,17/05/2020,32,160,2187
Surat,26/05/2020,56,269,2343
Surat,03/06/2020,56,451,1932
Surat,10/06/2020,86,706,1988
Surat,11/06/2020,140,616,2057
Surat,19/06/2020,86,495,2212
Surat,23/06/2020,105,525,2341
Surat,28/06/2020,44,235,2275
Surat,07/07/2020,156,572,2605
Surat,08/07/2020,126,644,2664
Surat,11/07/2020,82,489,2665
Surat,12/07/2020,80,284,2703
Surat,21/07/2020,105,512,2978
Surat,29/07/2020,101,463,3287
Surat,31/07/2020,118,351,3338
Surat,03/08/2020,39,252,3156
Surat,04/08/2020,113,383,3229
Surat,14/08/2020,137,423,3308
Surat,15/08/2020,113,487,3356
Surat,16/08/2020,107,461,3417
Surat,17/08/2020,147,598,3521
Surat,21/08/2020,158,592,3648
Surat,24/08/2020,150,714,3402
Surat,30/08/2020,103,455,3454
Surat,01/09/2020,129,500,3532
Surat,10/09/2020,234,521,4005
Surat,11/09/2020,173,570,4073
Surat,21/09/2020,177,515,3978
Surat,01/10/2020,183,495,4198
Surat,04/10/2020,96,231,4132
Surat,05/10/2020,149,572,4177
Surat,10/10/2020,89,366,4093
Surat,12/10/2020,159,486,4199
Surat,13/10/2020,165,496,4191
Surat,30/10/2020,132,393,4705
Surat,16/11/2020,39,93,4744
Surat,19/11/2020,107,447,4738
Surat,25/11/2020,139,377,4981
Surat,06/12/2020,90,188,4946
Surat,08/12/2020,115,442,4808
Surat,09/12/2020,128,397,4810
Surat,11/12/2020,99,447,4780
Surat,23/12/2020,132,424,4964
Surat,24/12/2020,97,507,5014
Surat,25/12/2020,79,274,4995
Surat,28/12/2020,147,549,5059
Surat,02/01/2021,145,479,5254
Surat,08/01/2021,118,419,5452
Surat,12/01/2021,109,473,5547
Surat,18/01/2021,136,530,5719
Surat,28/01/2021,141,524,5912
Surat,29/01/2021,124,436,5645
Surat,06/02/2021,116,584,3903
Surat,07/02/2021,64,221,3881
Surat,08/02/2021,93,895,3831
Surat,09/02/2021,104,621,3416
Surat,10/02/2021,118,728,3360
Surat,12/02/2021,109,621,3292
Surat,21/02/2021,31,217,2619
Surat,22/02/2021,100,535,2631
Surat,10/03/2021,146,704,2472
Surat,13/03/2021,73,692,2412
Surat,14/03/2021,48,264,2413
Surat,22/03/2021,139,692,2775
Surat,25/03/2021,132,692,2976
Surat,02/04/2021,105,551,2792
Surat,04/04/2021,150,380,2989
Surat,05/04/2021,143,838,3091
Surat,07/04/2021,140,626,3170
Surat,18/04/2021,104,297,3348
Surat,19/04/2021,139,670,3453
Surat,28/04/2021,220,537,4026
Surat,10/05/2021,149,618,3976
Surat,17/05/2021,247,572,4152
Surat,12/06/2021,109,487,4003
Surat,13/06/2021,79,224,3981
Surat,15/06/2021,107,597,3858
Surat,17/06/2021,168,565,3954
Surat,28/06/2021,149,773,4228
Surat,08/07/2021,141,592,4537
Surat,23/07/2021,181,661,4723
Surat,27/07/2021,181,727,4786
Surat,23/06/2017,1,666,1145
Surat,28/06/2017,0,809,1146
Surat,30/06/2017,0,458,1146
Surat,02/07/2017,0,169,1146
Surat,03/07/2017,0,701,1146
Surat,05/07/2017,0,580,1146
Surat,07/07/2017,0,611,1146
Surat,10/07/2017,0,901,1146
Surat,17/07/2017,0,591,1149
Surat,26/07/2017,4,585,1154
Surat,02/08/2017,0,894,1165
Surat,07/08/2017,0,159,1166
Surat,16/08/2017,2,555,1174
Surat,02/09/2017,7,220,1239
Surat,04/09/2017,13,704,1256
Surat,09/09/2017,16,379,1364
Surat,10/09/2017,12,138,1376
Surat,16/09/2017,44,639,1553
Surat,21/09/2017,71,666,1577
Surat,22/09/2017,38,534,1567
Surat,25/09/2017,65,530,1650
Surat,08/10/2017,28,251,1658
Surat,10/10/2017,67,705,1631
Surat,17/10/2017,79,795,1799
Surat,23/10/2017,40,569,1648
Surat,28/10/2017,42,173,1565
Surat,30/10/2017,41,370,1579
Surat,01/11/2017,46,541,1524
Surat,02/11/2017,36,476,1476
Surat,06/11/2017,43,577,1503
Surat,08/11/2017,38,433,1435
Surat,23/11/2017,11,393,1310
Surat,24/11/2017,17,357,1318
Surat,28/11/2017,31,581,1370
Surat,02/12/2017,28,194,1418
Surat,03/12/2017,24,123,1439
Surat,07/12/2017,30,435,1389
Surat,08/12/2017,22,197,1400
Surat,10/12/2017,23,177,1402
Surat,15/12/2017,24,489,1357
Surat,18/12/2017,38,451,1420
Surat,21/12/2017,43,334,1446
Surat,22/12/2017,35,403,1439
Surat,24/12/2017,26,131,1474
Surat,03/01/2018,33,424,1350
Surat,05/01/2018,12,371,1362
Surat,14/01/2018,11,96,1484
Surat,24/01/2018,43,365,1508
Surat,29/01/2018,55,499,1496
Surat,04/02/2018,31,108,1592
Surat,08/02/2018,57,389,1454
Surat,10/02/2018,46,217,1512
Surat,16/02/2018,48,289,1472
Surat,18/02/2018,26,117,1487
Surat,07/03/2018,22,549,1291
Surat,08/03/2018,24,416,1305
Surat,11/03/2018,21,211,1350
Surat,12/03/2018,34,579,1362
Surat,13/03/2018,34,620,1351
Surat,26/03/2018,52,529,1347
Surat,27/03/2018,39,555,1347
Surat,02/04/2018,31,548,1474
Surat,04/04/2018,22,470,1401
Surat,05/04/2018,30,331,1408
Surat,09/04/2018,56,561,1450
Surat,11/04/2018,67,475,1482
Surat,12/04/2018,47,321,1498
Surat,02/05/2018,33,580,1354
Surat,10/05/2018,18,280,1365
Surat,18/05/2018,37,351,1388
Surat,20/05/2018,31,101,1441
Surat,22/05/2018,45,530,1473
Surat,24/05/2018,42,282,1485
Surat,30/05/2018,44,423,1441
Surat,31/05/2018,40,427,1445
Surat,01/06/2018,32,417,1448
Surat,12/07/2018,28,625,1492
Surat,14/07/2018,43,524,1520
Surat,22/07/2018,34,243,1547
Surat,28/07/2018,27,512,1440
Surat,02/08/2018,51,585,1522
Surat,04/08/2018,31,720,1558
Surat,17/08/2018,39,257,1626
Surat,18/08/2018,63,528,1636
Surat,19/08/2018,28,146,1639
Surat,22/08/2018,19,243,1535
Surat,26/08/2018,20,94,1580
Surat,27/08/2018,61,585,1629
Surat,29/08/2018,55,571,1581
Surat,01/09/2018,57,559,1624
Surat,11/09/2018,45,547,1550
Surat,12/09/2018,50,613,1517
Surat,14/09/2018,47,445,1491
Surat,15/09/2018,27,585,1503
Surat,20/09/2018,55,476,1551
Surat,27/09/2018,60,427,1618
Surat,28/09/2018,56,469,1619
Surat,07/10/2018,25,173,1526
Surat,14/10/2018,35,106,1512
Surat,20/10/2018,65,651,1535
Surat,22/10/2018,62,586,1523
Surat,28/10/2018,21,172,1407
Surat,30/10/2018,51,664,1435
Surat,02/11/2018,83,417,1668
Surat,06/11/2018,58,582,1626
Surat,07/11/2018,20,276,1575
Surat,12/11/2018,20,423,1428
Surat,17/11/2018,64,435,1542
Surat,24/11/2018,36,293,1422
Surat,01/12/2018,35,552,1456
Surat,03/12/2018,59,531,1488
Surat,04/12/2018,68,457,1500
Surat,06/12/2018,51,425,1451
Surat,10/12/2018,60,451,1509
Surat,12/12/2018,75,447,1552
Surat,23/12/2018,28,110,1642
Surat,29/12/2018,57,437,1591
Surat,02/01/2019,45,607,1587
Surat,17/01/2019,82,390,1687
Surat,24/01/2019,47,420,1556
Surat,25/01/2019,45,321,1567
Surat,04/02/2019,54,407,1512
Surat,09/02/2019,34,230,1500
Surat,16/02/2019,33,340,1509
Surat,17/02/2019,32,90,1529
Surat,21/02/2019,85,259,1569
Surat,28/02/2019,48,331,1474
Surat,05/03/2019,57,406,1499
Surat,11/03/2019,42,401,1464
Surat,23/03/2019,11,356,1260
Surat,26/03/2019,26,505,1286
Surat,28/03/2019,21,291,1211
Surat,15/04/2019,36,363,1278
Surat,16/04/2019,45,413,1319
Surat,23/04/2019,13,96,1298
Surat,24/04/2019,18,292,1230
Surat,28/04/2019,12,112,1258
Surat,03/05/2019,20,360,1268
Surat,05/05/2019,15,113,1280
Surat,24/05/2019,61,356,1395
Surat,06/06/2019,43,462,1444
Surat,13/06/2019,59,545,1414
Surat,20/06/2019,32,688,1379
Surat,21/06/2019,45,705,1369
Surat,02/07/2019,52,1000,1430
Surat,09/07/2019,84,802,1407
Surat,10/07/2019,25,670,1279
Surat,13/07/2019,18,442,1299
Surat,22/07/2019,38,758,1395
Surat,26/07/2019,40,489,1324
Surat,29/07/2019,50,645,1378
Surat,30/07/2019,42,616,1346
Surat,01/08/2019,17,628,1270
Surat,09/08/2019,32,548,1344
Surat,15/08/2019,8,228,1265
Surat,16/08/2019,24,830,1276
Surat,27/08/2019,53,670,1329
Surat,29/08/2019,85,428,1380
Surat,30/08/2019,55,474,1386
Surat,03/09/2019,51,651,1384
Surat,04/09/2019,74,709,1430
Surat,19/09/2019,52,547,1387
Surat,23/09/2019,53,745,1480
Surat,02/10/2019,21,273,1434
Surat,11/10/2019,77,642,1474
Surat,12/10/2019,34,534,1476
Surat,21/10/2019,61,653,1579
Surat,24/10/2019,137,430,1839
Surat,30/10/2019,25,335,1500
Surat,01/11/2019,35,446,1493
Surat,08/11/2019,40,298,1410
Surat,15/11/2019,46,396,1420
Surat,20/11/2019,43,467,1376
Surat,23/11/2019,27,385,1397
Surat,24/11/2019,28,178,1418
Surat,17/12/2019,63,411,1650
Surat,22/12/2019,29,135,1702
Surat,02/01/2020,34,535,1460
Surat,04/01/2020,27,440,1477
Surat,10/01/2020,40,431,1480
Surat,13/01/2020,47,563,1516
Surat,14/01/2020,11,142,1466
Surat,17/01/2020,38,388,1474
Surat,20/01/2020,43,421,1531
Surat,04/02/2020,54,462,1601
Surat,05/02/2020,33,374,1450
Surat,10/02/2020,59,562,1537
Surat,20/02/2020,93,480,1797
Surat,01/03/2020,30,137,1577
Surat,02/03/2020,75,619,1607
Surat,09/03/2020,65,626,1873
Surat,11/03/2020,56,681,1744
Surat,18/03/2020,104,729,1878
Surat,21/03/2020,59,548,1987
Surat,22/03/2020,41,275,1943
Surat,29/03/2020,20,524,1832
Surat,30/03/2020,33,556,1853
Surat,02/04/2020,13,440,1856
Surat,11/04/2020,16,270,1901
Surat,17/04/2020,16,289,1937
Surat,21/04/2020,25,268,1979
Surat,01/05/2020,19,255,2053
Surat,07/05/2020,10,274,2039
Surat,11/05/2020,19,336,2076
Surat,18/05/2020,33,246,2207
Surat,19/05/2020,25,199,2201
Surat,21/05/2020,48,282,2269
Surat,24/05/2020,37,182,2334
Surat,28/05/2020,40,338,2117
Surat,01/06/2020,62,483,1927
Surat,02/06/2020,71,390,1971
Surat,04/06/2020,62,390,1897
Surat,05/06/2020,44,489,1892
Surat,13/06/2020,53,480,2059
Surat,16/06/2020,97,571,2159
Surat,17/06/2020,83,643,2182
Surat,27/06/2020,52,424,2302
Surat,01/07/2020,92,466,2380
Surat,03/07/2020,80,407,2446
Surat,04/07/2020,89,481,2477
Surat,09/07/2020,103,536,2664
Surat,30/07/2020,124,385,3342
Surat,02/08/2020,39,210,3170
Surat,20/08/2020,166,555,3729
Surat,22/08/2020,124,550,3596
Surat,23/08/2020,96,251,3320
Surat,08/09/2020,154,624,3908
Surat,15/09/2020,159,502,4077
Surat,19/09/2020,117,466,3957
Surat,20/09/2020,77,225,3994
Surat,22/09/2020,129,664,3999
Surat,27/09/2020,101,218,4001
Surat,19/10/2020,138,454,4346
Surat,20/10/2020,139,379,4405
Surat,21/10/2020,143,423,4371
Surat,26/10/2020,170,566,4678
Surat,31/10/2020,105,271,4652
Surat,04/11/2020,121,421,4739
Surat,07/11/2020,131,499,4672
Surat,08/11/2020,64,197,4702
Surat,21/11/2020,89,356,4722
Surat,22/11/2020,55,172,4741
Surat,23/11/2020,169,465,4872
Surat,28/11/2020,87,363,4922
Surat,29/11/2020,99,223,4962
Surat,10/12/2020,132,411,4816
Surat,12/12/2020,83,386,4652
Surat,14/12/2020,124,787,4621
Surat,19/12/2020,130,546,4799
Surat,03/01/2021,63,142,5285
Surat,13/01/2021,156,389,5585
Surat,17/01/2021,98,212,5648
Surat,23/01/2021,107,467,5779
Surat,27/01/2021,132,528,5812
Surat,30/01/2021,91,582,5489
Surat,04/02/2021,80,569,4634
Surat,11/02/2021,81,719,3284
Surat,13/02/2021,73,418,3320
Surat,17/02/2021,100,572,3318
Surat,20/02/2021,42,495,2600
Surat,03/03/2021,95,751,2291
Surat,09/03/2021,143,901,2422
Surat,11/03/2021,81,439,2477
Surat,30/03/2021,125,738,2740
Surat,08/04/2021,197,490,3348
Surat,26/04/2021,142,505,3876
Surat,02/05/2021,46,205,4051
Surat,07/05/2021,166,526,3883
Surat,15/05/2021,138,530,3948
Surat,22/05/2021,111,679,4315
Surat,01/06/2021,156,668,4324
Surat,08/06/2021,206,637,4570
Surat,10/06/2021,134,611,4313
Surat,18/06/2021,149,489,3944
Surat,19/06/2021,162,905,4010
Surat,22/06/2021,206,838,4191
Surat,13/07/2021,194,625,4536
Surat,14/07/2021,153,548,4556
Surat,16/07/2021,178,618,4568
Surat,18/07/2021,99,175,4693
Surat,19/07/2021,269,592,4720
Surat,22/07/2021,237,601,4790
Surat,24/07/2021,129,517,4711
Surat,25/07/2021,87,215,4766
Surat,26/07/2021,184,863,4825
Surat,28/07/2021,162,603,4811
Surat,04/08/2021,123,692,4613
Surat,08/08/2021,85,274,4422
Surat,10/08/2021,120,669,4478
Surat,19/08/2021,136,693,3537
Surat,25/08/2021,219,1012,3794
Surat,30/08/2021,76,416,3582
Surat,04/09/2021,203,718,3779
Surat,16/09/2021,207,770,3914
Surat,21/09/2021,171,887,3895
Surat,29/09/2021,231,965,3922
Surat,30/09/2021,191,737,3983
Surat,10/10/2021,88,303,4290
Surat,07/11/2021,51,253,4894
Surat,10/11/2021,118,408,4601
Surat,11/11/2021,110,558,4541
Surat,17/11/2021,130,582,4538
Surat,21/11/2021,70,230,4838
Surat,03/12/2021,127,471,4630
Surat,04/12/2021,128,675,4761
Surat,13/12/2021,156,659,5219
Surat,24/12/2021,209,478,5500
Surat,25/12/2021,117,531,5521
Surat,27/12/2021,182,772,5687
Surat,02/01/2022,104,241,5918
Surat,03/01/2022,216,723,6012
Surat,05/01/2022,206,608,6254
Surat,16/01/2022,94,281,6672
Surat,24/01/2022,178,697,6868
Surat,27/01/2022,144,839,6451
Surat,02/02/2022,174,591,6493
Surat,03/02/2022,152,550,6403
Surat,05/02/2022,122,485,6417
Surat,11/02/2022,195,529,6224
Surat,13/02/2022,77,222,6072
Surat,16/02/2022,139,641,6086
Surat,28/02/2022,202,776,6789
Surat,20/03/2022,74,354,7624
Surat,30/03/2022,187,727,8170
Surat,02/04/2022,116,531,8190
Surat,03/04/2022,108,312,8257
Surat,04/04/2022,187,858,8303
Surat,11/04/2022,224,713,8952
Surat,14/04/2022,156,467,8960
Surat,18/04/2022,263,768,9122
Surat,22/04/2022,148,664,8735
Surat,23/04/2022,146,524,8770
Surat,24/04/2022,108,216,8768
Surat,28/04/2022,178,731,9113
Surat,29/04/2022,196,599,9206
Surat,02/05/2022,187,829,8591
Surat,08/05/2022,105,337,8741
Surat,09/05/2022,230,725,8971
Surat,14/05/2022,113,472,8098
Surat,15/05/2022,112,187,8105
Surat,20/05/2022,141,555,6989
Surat,30/05/2022,293,808,7417
Surat,10/06/2022,187,772,6111
Surat,29/06/2022,188,1054,4878
Surat,14/07/2022,55,737,3009
Surat,02/08/2022,157,830,3325
Surat,08/08/2022,167,798,3502
Surat,13/08/2022,107,578,3565
Surat,15/08/2022,84,412,3492
Surat,19/08/2022,46,584,3042
Surat,21/08/2022,44,312,3132
Surat,25/08/2022,197,741,3393
Surat,27/08/2022,133,743,3478
Surat,16/09/2022,130,699,3679
Surat,18/09/2022,86,399,3790
Surat,19/09/2022,255,872,3929
Surat,21/09/2022,197,846,4115
Surat,22/09/2022,220,752,4273
Surat,26/09/2022,167,918,4051
Surat,02/10/2022,95,303,4235
Surat,16/10/2022,77,390,4132
Surat,19/10/2022,163,857,4567
Surat,30/10/2022,45,381,4167
Surat,03/11/2022,135,767,4191
Surat,06/11/2022,83,383,4300
Surat,10/11/2022,137,879,4206
Surat,14/11/2022,117,847,4095
Surat,18/11/2022,152,769,4132
Surat,21/11/2022,157,859,4376
Surat,06/12/2022,204,1054,4245
Surat,10/12/2022,123,632,4104
Surat,17/12/2022,238,689,4521
Surat,18/12/2022,135,260,4606
Surat,22/12/2022,139,718,4782
Surat,27/12/2022,183,784,4726
Surat,13/01/2023,197,699,4960
Surat,18/01/2023,169,751,4396
Surat,27/01/2023,192,728,4476
Surat,29/01/2023,95,343,4322
Surat,05/02/2023,122,318,4616
Surat,06/02/2023,165,749,4616
Surat,01/03/2023,229,717,4934
Surat,02/03/2023,219,709,4981
Surat,03/03/2023,237,1036,4866
Surat,08/03/2023,81,316,4602
Surat,12/03/2023,91,365,4494
Surat,26/03/2023,126,371,4695
Surat,28/03/2023,203,834,4891
Surat,02/04/2023,174,344,5163
Surat,04/04/2023,162,584,5155
Surat,06/04/2023,208,861,5069
Surat,09/04/2023,143,414,5058
Surat,15/04/2023,172,853,4940
Surat,16/04/2023,79,168,4878
Surat,22/04/2023,154,559,4903
Surat,27/04/2023,203,805,5156
Surat,04/05/2023,240,610,5429
Surat,08/05/2023,213,780,5447
Surat,14/05/2023,144,237,5119
Surat,17/05/2023,221,681,5207
Surat,27/05/2023,186,585,5437
Surat,01/06/2023,197,736,5285
Surat,06/06/2023,298,774,5297
Surat,12/06/2023,292,852,5571
Surat,14/06/2023,378,840,6051
Surat,19/06/2023,323,881,6088
Surat,20/06/2023,278,803,6013
Surat,23/06/2023,235,773,6249
Surat,24/06/2023,230,772,6055
Surat,25/06/2023,151,289,6102
Surat,02/07/2023,202,634,5967
Surat,17/07/2023,290,1467,5605
Surat,03/08/2023,281,1040,6299
Surat,05/08/2023,295,1022,6436
Surat,07/08/2023,251,1083,6434
Surat,09/08/2023,387,993,6982
Surat,12/08/2023,198,868,7033
Surat,15/08/2023,126,348,6869
Surat,16/08/2023,173,817,6647
Surat,17/08/2023,363,966,6894
Surat,29/08/2023,262,740,6293
Surat,09/09/2023,174,595,6543
Surat,14/09/2023,379,914,6878
Surat,20/09/2023,292,960,7192
Surat,23/09/2023,236,830,7460
Surat,25/09/2023,355,1068,7814
Surat,28/09/2023,122,335,7489
Surat,29/09/2023,261,911,7471
Surat,30/09/2023,245,991,7420
Surat,09/10/2023,310,1066,7148
Surat,11/10/2023,327,1080,7170
Surat,15/10/2023,142,393,7331
Surat,18/10/2023,246,1064,7790
Surat,24/10/2023,169,578,8010
Surat,27/10/2023,295,1020,7864
Surat,29/10/2023,177,454,7381
Surat,02/11/2023,253,1065,7229
Surat,04/11/2023,203,956,7228
Surat,06/11/2023,267,979,7435
Surat,11/12/2023,210,926,5113
Surat,15/12/2023,172,710,4918
Surat,18/12/2023,231,855,5172
Surat,03/01/2024,187,898,4581
Surat,05/01/2024,174,732,4600
Surat,07/01/2024,100,299,4670
Surat,17/01/2024,160,810,4441
Surat,18/01/2024,194,722,4381
Surat,21/01/2024,100,264,4644
Surat,27/01/2024,150,678,5122
Surat,02/02/2024,212,716,4896
Surat,03/02/2024,192,824,5010
Surat,07/02/2024,267,888,5356
Surat,08/02/2024,289,801,5341
Surat,10/02/2024,162,553,5214
Surat,14/02/2024,222,717,5519
Surat,23/02/2024,162,967,5136
Surat,28/02/2024,222,759,5199
Surat,05/03/2024,206,676,5355
Surat,17/03/2024,131,408,4705
Surat,27/03/2024,286,852,5072
Surat,02/04/2024,209,793,4670
Surat,10/04/2024,156,506,4905
Surat,13/04/2024,102,552,4610
Surat,17/04/2024,137,309,4673
Surat,02/05/2024,180,696,5313
Surat,03/05/2024,212,604,5258
Surat,09/05/2024,215,738,5703
Surat,18/05/2024,180,666,5529
Surat,20/05/2024,276,785,5977
Surat,24/05/2024,252,690,5854
Surat,25/05/2024,191,551,5834
Surat,10/06/2024,314,1012,6767
Surat,18/06/2024,341,852,7515
Surat,21/06/2024,347,974,7532
Surat,29/06/2024,409,912,8318
Surat,01/07/2024,539,1293,8745
Surat,09/07/2024,445,1363,9643
Surat,13/07/2024,235,951,9215
Surat,18/07/2024,320,1251,9359
Surat,19/07/2024,394,1240,8907
Surat,20/07/2024,333,1175,8586
Surat,23/07/2024,329,1196,8543
Surat,29/07/2024,233,1441,7782
Surat,02/08/2024,357,1308,7911
Surat,10/08/2024,268,875,8685
Surat,18/08/2024,193,439,8710
Surat,19/08/2024,173,449,8804
Surat,22/08/2024,346,1101,9235
Surat,24/08/2024,271,725,9013
Surat,28/08/2024,370,974,8759
Surat,31/08/2024,431,958,9388
Surat,01/09/2024,266,482,9551
Surat,02/09/2024,406,1123,9847
Surat,15/09/2024,231,403,10520
Surat,28/09/2024,296,730,10704
Surat,02/10/2024,251,519,10459
Surat,07/10/2024,318,1055,10350
Surat,13/10/2024,210,378,9809
Surat,18/10/2024,301,878,10048
Surat,25/10/2024,287,836,10520
Surat,01/11/2024,101,344,10449
Surat,04/11/2024,160,858,10218
Surat,10/11/2024,116,253,9775
Surat,11/11/2024,251,726,9970
Surat,13/11/2024,241,729,9744
Surat,15/11/2024,167,498,9419
Surat,18/11/2024,247,818,9704
Surat,23/11/2024,136,448,9202
Surat,24/11/2024,171,249,9142
Surat,25/11/2024,220,859,9254
Surat,27/11/2024,203,878,9003
Surat,30/11/2024,189,721,8587
Surat,02/12/2024,290,849,8569
Surat,05/12/2024,211,811,8241
Surat,06/12/2024,217,642,8291
Surat,09/12/2024,260,867,8493
Surat,11/12/2024,217,541,8384
Surat,13/12/2024,174,672,8396
Surat,19/12/2024,278,686,8358
Surat,21/12/2024,264,513,8452
Surat,23/12/2024,279,953,8751
Surat,25/12/2024,234,355,8950
Surat,28/12/2024,171,529,8927
Surat,30/12/2024,216,702,8923
Surat,05/01/2025,108,354,8298
Surat,06/01/2025,247,795,8514
Surat,09/01/2025,220,679,8834
Surat,16/01/2025,185,744,8663
Surat,26/01/2025,143,182,8904
Surat,09/02/2025,104,503,8641
Surat,15/02/2025,185,701,8700
Surat,21/02/2025,192,625,8976
Surat,28/02/2025,207,735,8991
Surat,03/03/2025,245,805,9150
Surat,06/03/2025,162,736,8969
Surat,08/03/2025,167,653,9076
Surat,12/03/2025,216,817,8983
Surat,18/03/2025,174,1008,8792
Surat,21/03/2025,170,788,8722
Surat,24/03/2025,164,923,8795
Surat,29/03/2025,148,722,8821
Surat,12/04/2025,164,508,9049
Surat,21/04/2025,232,638,8913
Surat,23/04/2025,205,688,8916
Surat,28/04/2025,155,712,8527
Surat,29/04/2025,138,507,8502
Surat,30/04/2025,127,614,8350
Surat,01/05/2025,130,658,8261
Surat,04/05/2025,151,254,8255
Surat,05/05/2025,173,689,8410
Surat,08/05/2025,155,737,8089
Surat,12/05/2025,144,944,7720
Surat,14/05/2025,175,716,7692
Surat,22/05/2025,221,704,7699
Surat,27/05/2025,268,715,7441
Surat,02/06/2025,227,1066,7731
Surat,03/06/2025,235,858,7531
Surat,04/06/2025,257,777,7581
Surat,06/06/2025,166,908,7364
Surat,10/06/2025,298,735,7578
Surat,18/06/2025,336,988,8244
Surat,20/06/2025,303,1008,8292
Surat,28/06/2025,316,1034,8347
Surat,30/06/2025,351,1541,8653
Surat,12/07/2025,192,1060,7044
Surat,14/07/2025,210,1817,6948
Surat,16/07/2025,191,1107,6556
Surat,19/07/2025,166,1002,6303
Surat,22/07/2025,177,927,6285
Surat,04/08/2025,200,869,6311
Surat,09/08/2025,87,307,6277
Surat,10/08/2025,185,233,6431
Surat,15/08/2025,163,366,6483
Surat,16/08/2025,99,441,6397
Surat,19/08/2025,218,980,6698
Surat,25/08/2025,248,1145,7317
Surat,26/08/2025,269,1022,7325
Surat,29/08/2025,139,986,6484
Surat,04/09/2025,245,829,7083
Surat,06/09/2025,167,309,7187
Surat,20/03/2020,75,603,1955
Surat,24/03/2020,33,598,1897
Surat,28/03/2020,24,619,1823
Surat,03/04/2020,24,395,1853
Surat,06/04/2020,19,366,1870
Surat,12/04/2020,13,218,1908
Surat,15/04/2020,27,284,1920
Surat,18/04/2020,23,302,1947
Surat,19/04/2020,22,251,1962
Surat,20/04/2020,28,344,1967
Surat,25/04/2020,25,281,1969
Surat,28/04/2020,24,293,2007
Surat,30/04/2020,20,298,2042
Surat,10/05/2020,12,211,2058
Surat,20/05/2020,42,249,2234
Surat,22/05/2020,65,292,2321
Surat,25/05/2020,47,274,2300
Surat,27/05/2020,78,326,2343
Surat,15/06/2020,131,622,2143
Surat,22/06/2020,96,608,2275
Surat,25/06/2020,58,454,2352
Surat,10/07/2020,115,600,2680
Surat,14/07/2020,116,496,2833
Surat,16/07/2020,88,626,2791
Surat,17/07/2020,93,586,2844
Surat,18/07/2020,98,543,2883
Surat,22/07/2020,123,565,3020
Surat,23/07/2020,104,487,3037
Surat,27/07/2020,136,500,3229
Surat,10/08/2020,124,439,3431
Surat,18/08/2020,162,645,3599
Surat,25/08/2020,161,699,3486
Surat,26/08/2020,128,668,3521
Surat,29/08/2020,109,570,3415
Surat,31/08/2020,128,662,3503
Surat,02/09/2020,137,742,3584
Surat,03/09/2020,207,774,3665
Surat,12/09/2020,137,470,4075
Surat,17/09/2020,140,510,3942
Surat,28/09/2020,177,548,4050
Surat,02/10/2020,96,357,4031
Surat,08/10/2020,188,465,4296
Surat,15/10/2020,149,694,4210
Surat,16/10/2020,137,537,4172
Surat,01/11/2020,81,168,4671
Surat,02/11/2020,136,510,4719
Surat,05/11/2020,155,420,4709
Surat,06/11/2020,121,459,4668
Surat,11/11/2020,123,461,4836
Surat,12/11/2020,139,510,4815
Surat,13/11/2020,89,449,4794
Surat,17/11/2020,63,435,4744
Surat,18/11/2020,99,404,4769
Surat,27/11/2020,125,412,4890
Surat,30/11/2020,98,364,4818
Surat,01/12/2020,140,478,4870
Surat,05/12/2020,144,427,4886
Surat,15/12/2020,114,597,4603
Surat,26/12/2020,108,347,4976
Surat,27/12/2020,58,181,4999
Surat,29/12/2020,102,455,5024
Surat,31/12/2020,107,361,5089
Surat,04/01/2021,138,476,5287
Surat,05/01/2021,119,466,5301
Surat,06/01/2021,129,343,5347
Surat,14/01/2021,54,162,5533
Surat,21/01/2021,127,492,5857
Surat,22/01/2021,133,493,5888
Surat,24/01/2021,59,177,5766
Surat,25/01/2021,123,531,5848
Surat,26/01/2021,58,289,5773
Surat,03/02/2021,133,560,4992
Surat,14/02/2021,75,152,3330
Surat,15/02/2021,99,942,3335
Surat,19/02/2021,73,588,2680
Surat,24/02/2021,70,701,2534
Surat,25/02/2021,134,666,2557
Surat,28/02/2021,65,201,2519
Surat,04/03/2021,81,704,2312
Surat,05/03/2021,118,801,2350
Surat,07/03/2021,49,303,2378
Surat,16/03/2021,68,624,2438
Surat,17/03/2021,100,700,2463
Surat,20/03/2021,111,710,2654
Surat,26/03/2021,125,702,2805
Surat,28/03/2021,93,217,2842
Surat,31/03/2021,105,727,2749
Surat,01/04/2021,86,631,2789
Surat,06/04/2021,126,653,3105
Surat,09/04/2021,128,622,3367
Surat,11/04/2021,83,309,3392
Surat,16/04/2021,130,591,3327
Surat,20/04/2021,137,474,3509
Surat,21/04/2021,108,399,3543
Surat,23/04/2021,130,422,3503
Surat,27/04/2021,228,526,3896
Surat,01/05/2021,84,398,4031
Surat,03/05/2021,101,609,4068
Surat,04/05/2021,88,692,3986
Surat,11/05/2021,120,546,4033
Surat,12/05/2021,97,587,4056
Surat,23/05/2021,106,251,4345
Surat,27/05/2021,178,609,4582
Surat,30/05/2021,91,279,4678
Surat,02/06/2021,148,639,4297
Surat,03/06/2021,160,510,4234
Surat,04/06/2021,145,583,4305
Surat,06/06/2021,82,218,4440
Surat,11/06/2021,153,721,4196
Surat,20/06/2021,111,306,4109
Surat,21/06/2021,160,802,4171
Surat,23/06/2021,180,612,4248
Surat,24/06/2021,167,546,4242
Surat,25/06/2021,160,677,4193
Surat,26/06/2021,99,599,4180
Surat,27/06/2021,97,243,4228
Surat,02/07/2021,136,625,4387
Surat,07/07/2021,145,595,4539
Surat,09/07/2021,231,491,4526
Surat,15/07/2021,153,587,4464
Surat,30/07/2021,170,629,4858
Surat,31/07/2021,211,680,4958
Surat,09/08/2021,216,676,4588
Surat,14/08/2021,120,474,3961
Surat,17/08/2021,145,767,3928
Surat,17/09/2021,182,646,3950
Surat,18/09/2021,152,714,3964
Surat,20/09/2021,151,833,3912
Surat,26/09/2021,122,284,3843
Surat,27/09/2021,179,1131,3894
Surat,02/10/2021,105,482,4042
Surat,09/10/2021,134,523,4320
Surat,11/10/2021,205,751,4433
Surat,13/10/2021,166,658,4497
Surat,14/10/2021,200,640,4454
Surat,16/10/2021,237,635,4571
Surat,27/10/2021,129,745,4411
Surat,28/10/2021,135,655,4493
Surat,31/10/2021,108,242,4859
Surat,04/11/2021,63,306,5001
Surat,05/11/2021,47,64,4910
Surat,08/11/2021,81,604,4745
Surat,09/11/2021,64,409,4617
Surat,13/11/2021,75,336,4586
Surat,15/11/2021,120,501,4586
Surat,18/11/2021,182,526,4540
Surat,19/11/2021,136,398,4560
Surat,20/11/2021,276,527,4777
Surat,25/11/2021,159,576,4929
Surat,29/11/2021,161,653,4711
Surat,01/12/2021,149,540,4652
Surat,02/12/2021,105,470,4661
Surat,08/12/2021,160,558,5025
Surat,09/12/2021,162,532,5062
Surat,15/12/2021,214,582,5145
Surat,18/12/2021,126,507,5147
Surat,23/12/2021,170,612,5370
Surat,28/12/2021,200,727,5647
Surat,29/12/2021,160,580,5676
Surat,30/12/2021,136,528,5732
Surat,04/01/2022,297,751,6174
Surat,06/01/2022,284,688,6385
Surat,08/01/2022,131,568,6609
Surat,13/01/2022,174,603,6677
Surat,14/01/2022,78,227,6635
Surat,18/01/2022,175,654,6578
Surat,23/01/2022,85,245,6761
Surat,29/01/2022,263,508,6847
Surat,10/02/2022,161,623,6323
Surat,19/02/2022,217,789,6220
Surat,21/02/2022,179,786,6327
Surat,03/03/2022,153,630,6696
Surat,04/03/2022,178,692,6644
Surat,09/03/2022,272,684,7176
Surat,18/03/2022,99,207,7619
Surat,21/03/2022,399,880,7825
Surat,24/03/2022,313,647,8084
Surat,26/03/2022,133,511,8199
Surat,27/03/2022,100,287,8246
Surat,29/03/2022,199,693,8410
Surat,09/04/2022,161,603,8797
Surat,13/04/2022,271,651,9209
Surat,21/04/2022,197,711,8813
Surat,26/04/2022,222,630,9129
Surat,27/04/2022,180,737,9066
Surat,01/05/2022,89,284,8638
Surat,12/05/2022,164,499,8323
Surat,17/05/2022,120,777,7385
Surat,18/05/2022,162,604,7044
Surat,22/05/2022,112,288,7079
Surat,25/05/2022,194,804,7300
Surat,28/05/2022,172,612,7256
Surat,07/06/2022,149,1147,6075
Surat,11/06/2022,158,529,6130
Surat,12/06/2022,210,265,6223
Surat,17/06/2022,163,909,5194
Surat,22/06/2022,163,1572,5119
Surat,23/06/2022,260,797,5242
Surat,28/06/2022,247,937,5310
Surat,08/07/2022,154,910,3914
Surat,17/07/2022,58,456,3021
Surat,20/07/2022,134,1356,3162
Surat,23/07/2022,67,867,2947
Surat,24/07/2022,34,294,2970
Surat,29/07/2022,150,722,3221
Surat,04/08/2022,148,634,3128
Surat,06/08/2022,144,814,3331
Surat,17/08/2022,78,902,2970
Surat,18/08/2022,141,881,3065
Surat,22/08/2022,137,1182,3218
Surat,24/08/2022,132,1383,3279
Surat,26/08/2022,174,854,3441
Surat,30/08/2022,167,828,3513
Surat,07/09/2022,135,871,3554
Surat,11/09/2022,97,368,3621
Surat,14/09/2022,146,881,3641
Surat,20/09/2022,211,987,4061
Surat,24/09/2022,96,639,4022
Surat,27/09/2022,166,774,4015
Surat,04/10/2022,142,781,4297
Surat,07/10/2022,116,784,3995
Surat,12/10/2022,165,873,3980
Surat,14/10/2022,175,772,4067
Surat,18/10/2022,167,837,4421
Surat,31/10/2022,71,410,4135
Surat,02/11/2022,156,852,4194
Surat,05/11/2022,208,680,4236
Surat,13/11/2022,44,443,4035
Surat,17/11/2022,111,744,4095
Surat,26/11/2022,132,686,4819
Surat,27/11/2022,137,385,4807
Surat,28/11/2022,240,775,4884
Surat,08/12/2022,124,1081,4021
Surat,09/12/2022,169,969,4081
Surat,11/12/2022,119,430,4182
Surat,12/12/2022,218,863,4244
Surat,20/12/2022,225,633,4634
Surat,23/12/2022,199,789,4795
Surat,24/12/2022,95,622,4719
Surat,26/12/2022,148,715,4750
Surat,30/12/2022,151,813,4648
Surat,31/12/2022,173,893,4705
Surat,01/01/2023,99,382,4764
Surat,10/01/2023,197,684,4941
Surat,15/01/2023,59,171,4619
Surat,19/01/2023,160,597,4465
Surat,20/01/2023,187,763,4528
Surat,23/01/2023,230,910,4807
Surat,26/01/2023,115,316,4626
Surat,04/02/2023,145,726,4539
Surat,13/02/2023,176,830,4669
Surat,21/02/2023,209,912,4771
Surat,22/02/2023,263,825,4911
Surat,23/02/2023,274,1022,5056
Surat,25/02/2023,102,920,4687
Surat,06/03/2023,226,1098,4966
Surat,09/03/2023,141,916,4607
Surat,13/03/2023,177,1175,4516
Surat,14/03/2023,143,997,4403
Surat,17/03/2023,201,1009,4644
Surat,25/03/2023,134,603,4578
Surat,30/03/2023,112,425,4800
Surat,01/04/2023,270,742,5060
Surat,11/04/2023,251,810,5260
Surat,13/04/2023,229,947,4932
Surat,14/04/2023,174,475,4961
Surat,18/04/2023,239,822,4825
Surat,21/04/2023,172,924,4913
Surat,23/04/2023,116,317,4966
Surat,28/04/2023,205,781,5232
Surat,30/04/2023,164,236,5335
Surat,01/05/2023,266,618,5476
Surat,15/05/2023,204,930,5139
Surat,16/05/2023,256,738,5198
Surat,20/05/2023,195,545,5143
Surat,24/05/2023,327,665,5531
Surat,28/05/2023,132,200,5533
Surat,31/05/2023,197,731,5409
Surat,02/06/2023,204,686,5161
Surat,07/06/2023,269,720,5324
Surat,16/06/2023,319,804,5791
Surat,21/06/2023,273,709,6028
Surat,29/06/2023,201,887,5834
Surat,01/07/2023,292,1121,5816
Surat,05/07/2023,263,1465,5814
Surat,08/07/2023,231,951,5717
Surat,13/07/2023,248,1139,5659
Surat,19/07/2023,293,1328,5646
Surat,22/07/2023,251,1115,5819
Surat,26/07/2023,280,1125,6191
Surat,08/08/2023,259,1056,6620
Surat,11/08/2023,278,899,7080
Surat,14/08/2023,275,910,7031
Surat,19/08/2023,330,912,7037
Surat,20/08/2023,120,373,7099
Surat,27/08/2023,157,283,6413
Surat,28/08/2023,245,895,6370
Surat,30/08/2023,104,282,6047
Surat,02/09/2023,248,795,6416
Surat,05/09/2023,298,707,6656
Surat,13/09/2023,272,768,6775
Surat,15/09/2023,309,863,6925
Surat,18/09/2023,323,1108,7261
Surat,19/09/2023,229,625,7056
Surat,10/10/2023,304,890,7100
Surat,13/10/2023,265,999,7275
Surat,16/10/2023,276,1086,7494
Surat,25/10/2023,295,837,8013
Surat,28/10/2023,217,729,7613
Surat,01/11/2023,299,1105,7153
Surat,03/11/2023,257,1091,7213
Surat,05/11/2023,134,310,7193
Surat,24/11/2023,136,805,4701
Surat,26/11/2023,87,190,4785
Surat,27/11/2023,186,596,4830
Surat,02/12/2023,195,734,4777
Surat,03/12/2023,103,315,4837
Surat,06/12/2023,231,801,5155
Surat,08/12/2023,187,686,5039
Surat,14/12/2023,138,785,4914
Surat,21/12/2023,177,722,4858
Surat,22/12/2023,166,684,4774
Surat,23/12/2023,129,622,4729
Surat,11/01/2024,205,773,4519
Surat,25/01/2024,533,846,5225
Surat,26/01/2024,188,311,5236
Surat,28/01/2024,106,304,5032
Surat,29/01/2024,211,988,5084
Surat,11/02/2024,137,252,5289
Surat,16/02/2024,156,723,5618
Surat,19/02/2024,242,836,5719
Surat,26/02/2024,207,856,5123
Surat,01/03/2024,187,995,5181
Surat,07/03/2024,222,790,5341
Surat,11/03/2024,218,1027,5147
Surat,13/03/2024,280,801,4889
Surat,24/03/2024,111,193,5120
Surat,28/03/2024,246,865,4997
Surat,08/04/2024,250,888,5010
Surat,15/04/2024,189,870,4691
Surat,21/04/2024,83,238,4722
Surat,22/04/2024,202,669,4874
Surat,25/04/2024,229,659,4944
Surat,26/04/2024,214,644,5040
Surat,05/05/2024,174,230,5556
Surat,10/05/2024,163,478,5507
Surat,12/05/2024,127,180,5441
Surat,13/05/2024,312,703,5677
Surat,23/05/2024,216,707,5873
Surat,02/06/2024,144,297,6338
Surat,04/06/2024,273,631,6498
Surat,05/06/2024,309,724,6533
Surat,13/06/2024,346,809,7163
Surat,17/06/2024,250,678,7608
Surat,23/06/2024,234,350,7506
Surat,26/06/2024,505,1274,7979
Surat,03/07/2024,402,1389,8772
Surat,08/07/2024,509,1527,9608
Surat,10/07/2024,453,1291,9700
Surat,14/07/2024,235,436,9002
Surat,16/07/2024,365,1128,9346
Surat,21/07/2024,245,514,8670
Surat,22/07/2024,384,871,8929
Surat,27/07/2024,204,1137,7743
Surat,05/08/2024,328,1202,8405
Surat,11/08/2024,180,448,8466
Surat,12/08/2024,293,1107,8721
Surat,21/08/2024,389,1074,9142
Surat,26/08/2024,188,452,9018
Surat,27/08/2024,322,733,8830
Surat,07/09/2024,239,560,9748
Surat,12/09/2024,371,1009,10656
Surat,21/09/2024,294,1025,10124
Surat,24/09/2024,326,994,10487
Surat,26/09/2024,337,950,10768
Surat,04/10/2024,336,1010,10170
Surat,12/10/2024,194,326,9867
Surat,21/10/2024,301,838,10328
Surat,29/10/2024,218,878,11179
Surat,31/10/2024,112,390,10962
Surat,09/11/2024,229,587,9880
Surat,14/11/2024,216,696,9663
Surat,20/11/2024,238,688,9500
Surat,21/11/2024,218,749,9270
Surat,22/11/2024,193,611,9258
Surat,28/11/2024,234,727,9030
Surat,03/12/2024,213,846,8321
Surat,18/12/2024,266,672,8097
Surat,20/12/2024,192,703,8351
Surat,29/12/2024,204,301,8829
Surat,31/12/2024,236,743,8709
Surat,02/01/2025,210,704,8651
Surat,03/01/2025,214,651,8505
Surat,11/01/2025,269,465,8950
Surat,14/01/2025,116,150,8714
Surat,19/01/2025,137,271,8777
Surat,24/01/2025,225,650,9070
Surat,27/01/2025,328,940,9204
Surat,01/02/2025,206,719,9506
Surat,04/02/2025,183,636,8889
Surat,12/02/2025,192,635,8524
Surat,14/02/2025,203,583,8651
Surat,25/02/2025,234,778,8999
Surat,05/03/2025,226,732,9064
Surat,15/03/2025,201,749,8675
Surat,20/03/2025,190,827,8740
Surat,22/03/2025,130,667,8668
Surat,27/03/2025,193,745,8811
Surat,02/04/2025,190,728,8758
Surat,04/04/2025,214,727,8935
Surat,10/04/2025,167,454,8925
Surat,11/04/2025,192,772,8945
Surat,13/04/2025,108,260,8876
Surat,15/04/2025,207,792,8877
Surat,22/04/2025,179,676,8877
Surat,25/04/2025,135,574,8705
Surat,26/04/2025,132,518,8459
Surat,09/05/2025,138,663,7886
Surat,10/05/2025,98,631,7766
Surat,18/05/2025,111,300,7534
Surat,21/05/2025,291,579,7730
Surat,09/06/2025,276,1066,7625
Surat,15/06/2025,179,273,7371
Surat,19/06/2025,357,999,8287
Surat,24/06/2025,308,947,8352
Surat,26/06/2025,260,1295,8295
Surat,03/07/2025,341,1131,8774
Surat,04/07/2025,268,1052,8704
Surat,06/07/2025,253,299,8824
Surat,08/07/2025,263,1323,8377
Surat,15/07/2025,183,1144,6642
Surat,25/07/2025,160,788,6057
Surat,26/07/2025,142,663,6039
Surat,29/07/2025,185,1020,6115
Surat,30/07/2025,187,926,6138
Surat,02/08/2025,184,799,6127
Surat,03/08/2025,126,304,6243
Surat,05/08/2025,186,809,6309
Surat,06/08/2025,208,845,6254
Surat,07/08/2025,220,735,6251
Surat,13/08/2025,205,883,6495
Surat,14/08/2025,188,818,6559
Surat,18/08/2025,221,1110,6628
Surat,20/08/2025,183,765,6754
Surat,21/08/2025,265,932,6987
Surat,27/08/2025,224,471,7338
Surat,31/08/2025,138,384,6760
Surat,07/09/2025,180,339,7367
Surat,24/06/2017,0,250,1145
Surat,26/06/2017,0,260,1146
Surat,29/06/2017,0,583,1146
Surat,01/07/2017,0,704,1146
Surat,04/07/2017,0,750,1146
Surat,08/07/2017,0,244,1146
Surat,18/07/2017,0,489,1149
Surat,21/07/2017,0,436,1149
Surat,31/07/2017,7,588,1165
Surat,14/08/2017,0,774,1172
Surat,17/08/2017,0,305,1174
Surat,27/08/2017,1,121,1199
Surat,12/09/2017,37,722,1465
Surat,14/09/2017,66,474,1554
Surat,20/09/2017,56,592,1539
Surat,24/09/2017,28,172,1595
Surat,30/09/2017,43,236,1712
Surat,01/10/2017,25,135,1711
Surat,02/10/2017,40,165,1669
Surat,07/10/2017,54,632,1651
Surat,09/10/2017,61,719,1683
Surat,12/10/2017,62,504,1636
Surat,15/10/2017,70,217,1817
Surat,24/10/2017,53,474,1671
Surat,25/10/2017,45,516,1652
Surat,07/11/2017,55,642,1503
Surat,09/11/2017,37,567,1452
Surat,10/11/2017,32,375,1467
Surat,12/11/2017,24,85,1471
Surat,16/11/2017,20,308,1391
Surat,25/11/2017,27,197,1336
Surat,29/11/2017,49,392,1392
Surat,30/11/2017,33,320,1381
Surat,01/12/2017,31,390,1395
Surat,05/12/2017,26,419,1428
Surat,13/12/2017,34,475,1348
Surat,14/12/2017,27,337,1361
Surat,19/12/2017,45,565,1425
Surat,20/12/2017,49,475,1426
Surat,27/12/2017,18,453,1390
Surat,31/12/2017,12,121,1420
Surat,02/01/2018,35,525,1439
Surat,10/01/2018,38,466,1468
Surat,11/01/2018,39,313,1469
Surat,16/01/2018,50,411,1434
Surat,17/01/2018,36,431,1393
Surat,19/01/2018,30,385,1399
Surat,21/01/2018,26,97,1449
Surat,23/01/2018,141,713,1560
Surat,01/02/2018,57,385,1532
Surat,07/02/2018,37,374,1447
Surat,09/02/2018,58,420,1492
Surat,11/02/2018,39,110,1542
Surat,15/02/2018,105,350,1459
Surat,19/02/2018,52,598,1511
Surat,22/02/2018,36,365,1398
Surat,01/03/2018,24,293,1355
Surat,02/03/2018,9,94,1331
Surat,18/03/2018,25,172,1329
Surat,20/03/2018,38,610,1339
Surat,21/03/2018,22,425,1278
Surat,22/03/2018,17,515,1287
Surat,28/03/2018,50,534,1354
Surat,14/04/2018,15,165,1394
Surat,16/04/2018,43,617,1411
Surat,17/04/2018,23,482,1397
Surat,18/04/2018,15,187,1375
Surat,20/04/2018,18,510,1323
Surat,29/04/2018,25,116,1390
Surat,30/04/2018,34,531,1402
Surat,06/05/2018,23,108,1455
Surat,11/05/2018,29,291,1358
Surat,12/05/2018,28,186,1367
Surat,14/05/2018,30,543,1374
Surat,17/05/2018,31,298,1360
Surat,29/05/2018,53,502,1514
Surat,04/06/2018,39,759,1498
Surat,09/06/2018,25,328,1473
Surat,10/06/2018,35,163,1502
Surat,13/06/2018,30,785,1426
Surat,15/06/2018,38,587,1466
Surat,16/06/2018,53,323,1497
Surat,18/06/2018,47,912,1518
Surat,23/06/2018,23,389,1462
Surat,28/06/2018,76,608,1556
Surat,29/06/2018,65,738,1595
Surat,01/07/2018,40,244,1620
Surat,02/07/2018,78,909,1636
Surat,04/07/2018,49,839,1490
Surat,07/07/2018,28,714,1525
Surat,25/07/2018,56,599,1492
Surat,26/07/2018,32,622,1495
Surat,30/07/2018,51,1023,1466
Surat,06/08/2018,106,528,1646
Surat,07/08/2018,81,471,1667
Surat,13/08/2018,76,710,1753
Surat,21/08/2018,70,623,1652
Surat,30/08/2018,53,418,1609
Surat,04/09/2018,66,436,1625
Surat,05/09/2018,44,683,1551
Surat,07/09/2018,67,533,1615
Surat,09/09/2018,19,100,1574
Surat,19/09/2018,42,655,1516
Surat,22/09/2018,36,305,1575
Surat,23/09/2018,9,101,1560
Surat,03/10/2018,36,565,1449
Surat,06/10/2018,42,557,1511
Surat,25/10/2018,41,399,1420
Surat,27/10/2018,43,433,1404
Surat,31/10/2018,31,345,1437
Surat,11/11/2018,11,139,1419
Surat,18/11/2018,20,118,1554
Surat,22/11/2018,32,420,1413
Surat,23/11/2018,35,238,1423
Surat,27/11/2018,57,458,1436
Surat,28/11/2018,40,475,1403
Surat,30/11/2018,35,411,1425
Surat,09/12/2018,24,150,1481
Surat,16/12/2018,35,156,1686
Surat,20/12/2018,50,513,1612
Surat,27/12/2018,60,341,1573
Surat,28/12/2018,49,320,1582
Surat,30/12/2018,36,129,1614
Surat,31/12/2018,67,509,1651
Surat,03/01/2019,72,374,1624
Surat,04/01/2019,53,509,1632
Surat,06/01/2019,20,101,1661
Surat,09/01/2019,77,428,1696
Surat,13/01/2019,56,121,1851
Surat,15/01/2019,83,421,1773
Surat,22/01/2019,72,414,1757
Surat,23/01/2019,109,414,1727
Surat,27/01/2019,24,112,1539
Surat,28/01/2019,33,437,1519
Surat,02/02/2019,39,317,1487
Surat,03/02/2019,24,70,1502
Surat,13/02/2019,52,374,1512
Surat,18/02/2019,50,387,1549
Surat,24/02/2019,34,98,1618
Surat,01/03/2019,37,370,1473
Surat,13/03/2019,33,400,1378
Surat,15/03/2019,41,320,1396
Surat,18/03/2019,51,420,1407
Surat,30/03/2019,15,365,1241
Surat,11/04/2019,15,269,1240
Surat,14/04/2019,9,91,1244
Surat,17/04/2019,32,267,1341
Surat,20/04/2019,60,367,1354
Surat,29/04/2019,14,559,1241
Surat,08/05/2019,18,472,1237
Surat,09/05/2019,16,300,1245
Surat,15/05/2019,80,414,1336
Surat,17/05/2019,22,317,1357
Surat,19/05/2019,17,124,1400
Surat,20/05/2019,54,443,1430
Surat,28/05/2019,81,590,1445
Surat,10/06/2019,61,598,1477
Surat,14/06/2019,53,669,1442
Surat,17/06/2019,73,728,1491
Surat,19/06/2019,49,887,1405
Surat,23/06/2019,27,188,1359
Surat,04/07/2019,31,585,1331
Surat,05/07/2019,32,575,1331
Surat,08/07/2019,38,931,1369
Surat,14/07/2019,9,159,1298
Surat,16/07/2019,35,827,1340
Surat,27/07/2019,32,442,1337
Surat,02/08/2019,26,685,1287
Surat,06/08/2019,65,1116,1398
Surat,18/08/2019,21,238,1292
Surat,02/09/2019,19,287,1361
Surat,07/09/2019,52,650,1482
Surat,11/09/2019,29,700,1323
Surat,13/09/2019,43,703,1337
Surat,26/09/2019,62,501,1503
Surat,28/09/2019,58,528,1523
Surat,29/09/2019,39,220,1533
Surat,30/09/2019,71,696,1530
Surat,01/10/2019,67,596,1555
Surat,04/10/2019,48,574,1437
Surat,13/10/2019,20,211,1477
Surat,17/10/2019,39,612,1451
Surat,19/10/2019,58,663,1510
Surat,23/10/2019,90,612,1714
Surat,26/10/2019,48,461,1757
Surat,27/10/2019,28,180,1690
Surat,31/10/2019,12,293,1477
Surat,05/11/2019,52,530,1553
Surat,06/11/2019,34,483,1383
Surat,07/11/2019,43,417,1407
Surat,13/11/2019,42,589,1358
Surat,14/11/2019,26,408,1374
Surat,25/11/2019,44,521,1441
Surat,27/11/2019,40,563,1479
Surat,28/11/2019,36,322,1422
Surat,01/12/2019,20,150,1462
Surat,03/12/2019,89,459,1573
Surat,05/12/2019,76,358,1643
Surat,06/12/2019,65,363,1662
Surat,07/12/2019,52,362,1699
Surat,18/12/2019,67,409,1698
Surat,20/12/2019,73,404,1674
Surat,24/12/2019,120,467,1752
Surat,25/12/2019,32,231,1691
Surat,28/12/2019,37,368,1581
Surat,03/01/2020,33,434,1466
Surat,05/01/2020,22,147,1480
Surat,08/01/2020,70,556,1582
Surat,22/01/2020,51,455,1446
Surat,24/01/2020,36,361,1475
Surat,28/01/2020,52,561,1503
Surat,01/02/2020,50,369,1619
Surat,02/02/2020,22,123,1613
Surat,03/02/2020,110,457,1647
Surat,11/02/2020,83,445,1589
Surat,12/02/2020,83,508,1598
Surat,21/02/2020,39,278,1726
Surat,22/02/2020,55,438,1739
Surat,23/02/2020,33,161,1725
Surat,08/03/2020,45,178,1906
